{
  "losses": [
    0.3973154624250509,
    0.355114240914362,
    0.3465897574436121,
    0.3418870861716134,
    0.3388036847240978,
    0.334534336612308,
    0.33231636709587953,
    0.32852787592409777,
    0.32776382135687554,
    0.3248889962031505
  ],
  "accuracies": [
    80.99595517538624,
    83.22392414296134,
    83.69471520456203,
    83.95000331543001,
    84.21855314634308,
    84.25170744645581,
    84.51031098733506,
    84.73244479809031,
    84.85180027849611,
    84.99436376898083
  ]
}