{
  "losses": [
    0.3972017099176971,
    0.35061999350376355,
    0.34034328118757085,
    0.33428669782366405,
    0.33209652033559467,
    0.3249000576059453,
    0.3235662485416137,
    0.32187222774288743,
    0.31936224555131965,
    0.31804062057220633
  ],
  "accuracies": [
    81.21986425478333,
    83.3850311722613,
    83.9531955406775,
    84.41694051165504,
    84.55207149657566,
    84.91446822886275,
    84.89604127637358,
    84.98203372132305,
    85.24615337366788,
    85.4488498510488
  ]
}