{
  "losses": [
    0.3838903592032159,
    0.3490515343683876,
    0.3386572472355923,
    0.33405926918760964,
    0.3306466672708571,
    0.3243987348611322,
    0.32304540263353493,
    0.32000863449629724,
    0.31739516080538277,
    0.3164949860562861
  ],
  "accuracies": [
    81.76038819446578,
    83.75664138079297,
    84.20503055802955,
    84.51214643284911,
    84.9421086575965,
    84.8745431651362,
    85.18165903995578,
    85.3014342311354,
    85.32907465986916,
    85.3014342311354
  ]
}