{
  "losses": [
    0.39514723415751823,
    0.3514913204025426,
    0.3383018296863335,
    0.3325485795560661,
    0.3281168326852598,
    0.327250185241458,
    0.3233497617784558,
    0.31911452539074864,
    0.319304532702639,
    0.3188744548173925
  ],
  "accuracies": [
    81.0939467461073,
    83.63379503086514,
    84.15589201805841,
    84.59813887779859,
    84.80083535517952,
    84.84383157765424,
    84.96974908633027,
    85.26458032615706,
    85.45192100979699,
    85.21237062743774
  ]
}