{
  "losses": [
    0.3798081639447925,
    0.34953070679303994,
    0.3394042137961689,
    0.33533736751036514,
    0.3307462477217706,
    0.32797472787238174,
    0.32396026102147824,
    0.32122546447106565,
    0.32073209091737015,
    0.31726224015026894
  ],
  "accuracies": [
    81.73291087618031,
    83.33908460645607,
    84.10138971672366,
    84.42450669761897,
    84.35549142014618,
    84.79154249145152,
    84.89820246572764,
    85.30288295636352,
    85.18053769175268,
    85.18994886595351
  ]
}