{
  "losses": [
    0.3901817268746307,
    0.35161828421402636,
    0.3387243210473471,
    0.33227189505725185,
    0.3292328527401746,
    0.32570604013111426,
    0.32074779198384307,
    0.3202321306755352,
    0.3186803358937701,
    0.3171547004984347
  ],
  "accuracies": [
    81.35650882998794,
    83.5338508644419,
    84.15241394241178,
    84.56994402004145,
    84.76479138960195,
    84.90087526675532,
    85.12046515943463,
    85.13902205177374,
    85.34933349828349,
    85.3245909751647
  ]
}