{
  "losses": [
    0.38894123682665,
    0.3499766930846721,
    0.339511984743011,
    0.3354699204385645,
    0.33057632386805813,
    0.3293144631136945,
    0.32414482527862015,
    0.3215042224225954,
    0.31992059797352057,
    0.3202651033970829
  ],
  "accuracies": [
    81.47735590846885,
    83.57149676967633,
    84.1316317112759,
    84.20483116387129,
    84.62493237007097,
    84.7490531809936,
    84.88590433149804,
    85.054581330957,
    85.17870214187964,
    85.30600553769771
  ]
}