{
  "losses": [
    0.3892532691271694,
    0.349675792520079,
    0.3386947803477407,
    0.33211545969683437,
    0.32846372161785137,
    0.32530833119142266,
    0.32284846797966066,
    0.3213138859902009,
    0.31793607047563216,
    0.318356430644722
  ],
  "accuracies": [
    81.450201160898,
    83.63993734836154,
    84.12518043057645,
    84.45993673412978,
    84.72712754522281,
    84.92982402260373,
    85.13866281748103,
    85.06802616627253,
    85.2400110561715,
    85.22465526243052
  ]
}