{
  "losses": [
    0.3988117160228006,
    0.35378139205496534,
    0.3472442434321218,
    0.34077428271060844,
    0.338849402232231,
    0.33737791115912097,
    0.3382416222764139,
    0.3355430690443586,
    0.3318890547617714,
    0.3314037994721315
  ],
  "accuracies": [
    80.9496022849421,
    83.31746567980099,
    83.50173520469274,
    83.99312060440404,
    83.99926292190044,
    84.10061116059089,
    84.14974970056203,
    84.35244617794294,
    84.5244310678419,
    84.5213599090937
  ]
}