{
    "01_without_NaN": {
        "accuracy": 0.8518592297476759,
        "precision": 0.8464588531895283,
        "recall": 0.8518592297476759,
        "f1": 0.8477738152338214
    },
    "02_imputed_mean": {
        "accuracy": 0.8530188563356059,
        "precision": 0.8479754787970322,
        "recall": 0.8530188563356059,
        "f1": 0.8495752638179476
    },
    "03_imputed_mode": {
        "accuracy": 0.8543087033965973,
        "precision": 0.8507409540016152,
        "recall": 0.8543087033965973,
        "f1": 0.8521315931489407
    },
    "04_imputed_median": {
        "accuracy": 0.85283459246975,
        "precision": 0.8478376698444396,
        "recall": 0.85283459246975,
        "f1": 0.8494426841811572
    },
    "05_no_outliers_0.01": {
        "accuracy": 0.8524154141151729,
        "precision": 0.8481586158845542,
        "recall": 0.8524154141151729,
        "f1": 0.8496995077330725
    },
    "05_no_outliers_0.03": {
        "accuracy": 0.8530648095865487,
        "precision": 0.8477157962457743,
        "recall": 0.8530648095865487,
        "f1": 0.8492573889717294
    },
    "05_no_outliers_0.05": {
        "accuracy": 0.8529692572083254,
        "precision": 0.8479820811755542,
        "recall": 0.8529692572083254,
        "f1": 0.8495498011412554
    },
    "06_normalized": {
        "accuracy": 0.8532031202014618,
        "precision": 0.8475842886515691,
        "recall": 0.8532031202014618,
        "f1": 0.8491223542666453
    },
    "07_transformed": {
        "accuracy": 0.8469995700509797,
        "precision": 0.8420582214722011,
        "recall": 0.8469995700509797,
        "f1": 0.8437945570916183
    }
}