{
    "02_without_NaN": {
        "accuracy": 0.8494023904382471,
        "precision": 0.8456139523621409,
        "recall": 0.8494023904382471,
        "f1": 0.8470290778492521
    },
    "03_imputed_mean": {
        "accuracy": 0.8549229162827836,
        "precision": 0.8493068940939167,
        "recall": 0.8549229162827836,
        "f1": 0.8507590814584622
    },
    "04_imputed_mode": {
        "accuracy": 0.8525889073152755,
        "precision": 0.8485980278120907,
        "recall": 0.8525889073152755,
        "f1": 0.850098171391362
    },
    "05_imputed_median": {
        "accuracy": 0.8515447454087587,
        "precision": 0.8488258209852444,
        "recall": 0.8515447454087587,
        "f1": 0.8499882068641774
    },
    "06_no_outliers_0.01": {
        "accuracy": 0.8516113069833612,
        "precision": 0.8472764812914028,
        "recall": 0.8516113069833612,
        "f1": 0.8488415765493886
    },
    "06_no_outliers_0.03": {
        "accuracy": 0.8520609824957651,
        "precision": 0.846883002693946,
        "recall": 0.8520609824957651,
        "f1": 0.848475237228132
    },
    "06_no_outliers_0.05": {
        "accuracy": 0.8498504232703201,
        "precision": 0.8461470827302611,
        "recall": 0.8498504232703201,
        "f1": 0.8476005426671649
    },
    "07_normalized": {
        "accuracy": 0.8527731711811314,
        "precision": 0.8481136050281205,
        "recall": 0.8527731711811314,
        "f1": 0.8497048303625886
    },
    "08_transformed": {
        "accuracy": 0.8447269823720902,
        "precision": 0.84237311279754,
        "recall": 0.8447269823720902,
        "f1": 0.8434245497693285
    }
}