{
    "02_without_NaN": {
        "accuracy": 0.850929614873838,
        "precision": 0.8443782465245414,
        "recall": 0.850929614873838,
        "f1": 0.8445738096431823
    },
    "03_imputed_mean": {
        "accuracy": 0.8543087033965973,
        "precision": 0.8473468644316661,
        "recall": 0.8543087033965973,
        "f1": 0.8475367150873107
    },
    "04_imputed_mode": {
        "accuracy": 0.8543087033965973,
        "precision": 0.847838219148918,
        "recall": 0.8543087033965973,
        "f1": 0.8488705163548435
    },
    "05_imputed_median": {
        "accuracy": 0.853510226644555,
        "precision": 0.8475295459588011,
        "recall": 0.853510226644555,
        "f1": 0.8489464405325605
    },
    "06_no_outliers_0.01": {
        "accuracy": 0.8480856064823405,
        "precision": 0.8475998852810046,
        "recall": 0.8480856064823405,
        "f1": 0.8478377069239101
    },
    "06_no_outliers_0.03": {
        "accuracy": 0.8481711525189786,
        "precision": 0.8403887110113569,
        "recall": 0.8481711525189786,
        "f1": 0.8400031875495207
    },
    "06_no_outliers_0.05": {
        "accuracy": 0.8502959709757495,
        "precision": 0.8433562695284419,
        "recall": 0.8502959709757495,
        "f1": 0.8443140948827653
    },
    "07_normalized": {
        "accuracy": 0.8537559117990295,
        "precision": 0.8493644779594274,
        "recall": 0.8537559117990295,
        "f1": 0.8509100093488539
    },
    "08_transformed": {
        "accuracy": 0.8488422087095387,
        "precision": 0.8427958157065649,
        "recall": 0.8488422087095387,
        "f1": 0.8444610585751886
    }
}