{
    "01_without_NaN": {
        "accuracy": 0.851261620185923,
        "precision": 0.845369291988172,
        "recall": 0.851261620185923,
        "f1": 0.846471879679854
    },
    "02_imputed_mean": {
        "accuracy": 0.8529574350469873,
        "precision": 0.8475811135901925,
        "recall": 0.8529574350469873,
        "f1": 0.849165193291954
    },
    "03_imputed_mode": {
        "accuracy": 0.8552300227258768,
        "precision": 0.8499352234917308,
        "recall": 0.8552300227258768,
        "f1": 0.8514401789049276
    },
    "04_imputed_median": {
        "accuracy": 0.8550457588600209,
        "precision": 0.8495688103418895,
        "recall": 0.8550457588600209,
        "f1": 0.8510487759731823
    },
    "05_no_outliers_0.01": {
        "accuracy": 0.8534669388260036,
        "precision": 0.8488765162244165,
        "recall": 0.8534669388260036,
        "f1": 0.8504363747791924
    },
    "05_no_outliers_0.03": {
        "accuracy": 0.852500156847983,
        "precision": 0.8489017818229302,
        "recall": 0.852500156847983,
        "f1": 0.8503063619469979
    },
    "05_no_outliers_0.05": {
        "accuracy": 0.8506778690089746,
        "precision": 0.8465504049242467,
        "recall": 0.8506778690089746,
        "f1": 0.8480852467348261
    },
    "06_normalized": {
        "accuracy": 0.8510533750998096,
        "precision": 0.8473515546466716,
        "recall": 0.8510533750998096,
        "f1": 0.8488048143105418
    },
    "07_transformed": {
        "accuracy": 0.8462010932989374,
        "precision": 0.8429653950249654,
        "recall": 0.8462010932989374,
        "f1": 0.8443218262395463
    },
    "08_normalized_transformed": {
        "accuracy": 0.8452224104398017,
        "precision": 0.8416780209176711,
        "recall": 0.8452224104398017,
        "f1": 0.8431312179531117
    }
}