{
    "01_without_NaN": {
        "accuracy": 0.8518592297476759,
        "precision": 0.8464588531895283,
        "recall": 0.8518592297476759,
        "f1": 0.8477738152338214
    },
    "02_imputed_mean": {
        "accuracy": 0.8530188563356059,
        "precision": 0.8479754787970322,
        "recall": 0.8530188563356059,
        "f1": 0.8495752638179476
    },
    "02_without_NaN": {
        "accuracy": 0.849535192563081,
        "precision": 0.8446071236172407,
        "recall": 0.849535192563081,
        "f1": 0.8461084776008293
    },
    "03_imputed_mean": {
        "accuracy": 0.8528960137583687,
        "precision": 0.8479587679904483,
        "recall": 0.8528960137583687,
        "f1": 0.8495613410912375
    },
    "03_imputed_mode": {
        "accuracy": 0.8543087033965973,
        "precision": 0.8507409540016152,
        "recall": 0.8543087033965973,
        "f1": 0.8521315931489407
    },
    "04_imputed_median": {
        "accuracy": 0.85283459246975,
        "precision": 0.8478376698444396,
        "recall": 0.85283459246975,
        "f1": 0.8494426841811572
    },
    "04_imputed_mode": {
        "accuracy": 0.8529574350469873,
        "precision": 0.8483835512226784,
        "recall": 0.8529574350469873,
        "f1": 0.8499634660864251
    },
    "05_imputed_median": {
        "accuracy": 0.8544315459738345,
        "precision": 0.8499571169460988,
        "recall": 0.8544315459738345,
        "f1": 0.8514985434199387
    },
    "05_no_outliers_0.01": {
        "accuracy": 0.8524154141151729,
        "precision": 0.8481586158845542,
        "recall": 0.8524154141151729,
        "f1": 0.8496995077330725
    },
    "05_no_outliers_0.03": {
        "accuracy": 0.8530648095865487,
        "precision": 0.8477157962457743,
        "recall": 0.8530648095865487,
        "f1": 0.8492573889717294
    },
    "05_no_outliers_0.05": {
        "accuracy": 0.8529692572083254,
        "precision": 0.8479820811755542,
        "recall": 0.8529692572083254,
        "f1": 0.8495498011412554
    },
    "06_no_outliers_0.01": {
        "accuracy": 0.8516731613781159,
        "precision": 0.8469238329352093,
        "recall": 0.8516731613781159,
        "f1": 0.8485339828860582
    },
    "06_no_outliers_0.03": {
        "accuracy": 0.8530648095865487,
        "precision": 0.8463055017070104,
        "recall": 0.8530648095865487,
        "f1": 0.847011944317749
    },
    "06_no_outliers_0.05": {
        "accuracy": 0.8504232703201579,
        "precision": 0.8461124691268406,
        "recall": 0.8504232703201579,
        "f1": 0.8476820408690726
    },
    "06_normalized": {
        "accuracy": 0.8532031202014618,
        "precision": 0.8475842886515691,
        "recall": 0.8532031202014618,
        "f1": 0.8491223542666453
    },
    "07_normalized": {
        "accuracy": 0.8527731711811314,
        "precision": 0.8491465487177828,
        "recall": 0.8527731711811314,
        "f1": 0.850565604099554
    },
    "07_transformed": {
        "accuracy": 0.8469995700509797,
        "precision": 0.8420582214722011,
        "recall": 0.8469995700509797,
        "f1": 0.8437945570916183
    },
    "08_transformed": {
        "accuracy": 0.8455254591241325,
        "precision": 0.8411649030939754,
        "recall": 0.8455254591241325,
        "f1": 0.8428271638842596
    }
}