{
    "01_without_NaN": {
        "mse": 732.0428466796875,
        "mae": 17.958311080932617,
        "r2": 0.9848963352463307
    },
    "05_no_outliers_0.01": {
        "mse": 1262.5328369140625,
        "mae": 25.714534759521484,
        "r2": 0.9739543092402523
    },
    "05_no_outliers_0.03": {
        "mse": 1323.479248046875,
        "mae": 24.9744930267334,
        "r2": 0.972679337364799
    },
    "05_no_outliers_0.05": {
        "mse": 1737.3779296875,
        "mae": 28.820924758911133,
        "r2": 0.9639831638074979
    },
    "06_normalized": {
        "mse": 11559.1484375,
        "mae": 83.13294982910156,
        "r2": 0.7615091638331544
    },
    "07_transformed": {
        "mse": 12692.0869140625,
        "mae": 85.68624877929688,
        "r2": 0.7381341376357539
    },
    "08_normalized_transformed": {
        "mse": 15285.6005859375,
        "mae": 95.91580200195312,
        "r2": 0.6842740947706643
    }
}