{
    "01_without_NaN": {
        "mse": 72.63794708251953,
        "mae": 6.7152509689331055,
        "r2": 0.9985013182497965
    },
    "02_imputed_mean": {
        "mse": 172.34803771972656,
        "mae": 10.589128494262695,
        "r2": 0.9964440780561342
    },
    "03_imputed_mode": {
        "mse": 908.089599609375,
        "mae": 20.203758239746094,
        "r2": 0.9812640999588814
    },
    "04_imputed_median": {
        "mse": 219.3375701904297,
        "mae": 10.933849334716797,
        "r2": 0.9954745801684629
    },
    "05_no_outliers_0.01": {
        "mse": 483.5966796875,
        "mae": 16.199636459350586,
        "r2": 0.9900235391573888
    },
    "05_no_outliers_0.03": {
        "mse": 131.18727111816406,
        "mae": 9.647931098937988,
        "r2": 0.997291893323308
    },
    "05_no_outliers_0.05": {
        "mse": 838.2380981445312,
        "mae": 20.714252471923828,
        "r2": 0.9826228448569004
    },
    "06_normalized": {
        "mse": 14318.5869140625,
        "mae": 90.82486724853516,
        "r2": 0.7045758214924327
    },
    "07_transformed": {
        "mse": 13420.7861328125,
        "mae": 86.00828552246094,
        "r2": 0.7230994435038005
    }
}