{
    "01_without_NaN": {
        "mse": 989333905473536.0,
        "mae": 14446695.0,
        "r2": -0.259222267581545
    },
    "05_no_outliers_0.01": {
        "mse": 757202532958208.0,
        "mae": 13767041.0,
        "r2": -0.3128530133697185
    },
    "05_no_outliers_0.03": {
        "mse": 661044590542848.0,
        "mae": 13346921.0,
        "r2": -0.3506342482691551
    },
    "05_no_outliers_0.05": {
        "mse": 602881136787456.0,
        "mae": 12969070.0,
        "r2": -0.36386763120151233
    },
    "06_normalized": {
        "mse": 0.4179494380950928,
        "mae": 0.2709417939186096,
        "r2": 0.551921879777795
    },
    "07_transformed": {
        "mse": 0.12963181734085083,
        "mae": 0.27215397357940674,
        "r2": 0.8704935606704644
    },
    "08_normalized_transformed": {
        "mse": 0.15008188784122467,
        "mae": 0.29422664642333984,
        "r2": 0.8508859545239151
    }
}