{
  "losses": [
    0.40160361155156493,
    0.3567261707239161,
    0.3489405029430622,
    0.3402153969853958,
    0.3390431969662613,
    0.33448536845747767,
    0.33040752573963944,
    0.328464498938963,
    0.3260076821229617,
    0.326873056961901,
    0.32344383036091623,
    0.3214297815525266,
    0.32304596093464505,
    0.31815820558674135,
    0.3207549356627313,
    0.31829992981187105,
    0.31829078759393664,
    0.3169335061457099,
    0.31591981063149516,
    0.31539446091790974,
    0.3147632920302743,
    0.31386150068910607,
    0.3121687805760071,
    0.31264538696373506,
    0.3128087280885033,
    0.3126007674038726,
    0.3098334683103374,
    0.3086620179081014,
    0.30796698529040195,
    0.3088312120920527,
    0.3039946274976083,
    0.30467594256140645,
    0.30192053830004195,
    0.3034915046120499,
    0.3052777398618635,
    0.3021411250798725,
    0.3019383331150417,
    0.3026819147983386,
    0.3003579685632396,
    0.30256655072736083,
    0.30111745153163677,
    0.3021139579954481,
    0.2985885430162937,
    0.29951621784827615,
    0.2990709477255352,
    0.29994364711727595,
    0.29867435383392166,
    0.29943542361796727,
    0.30175359216089087,
    0.29758873333006874,
    0.30002304862627677,
    0.3003255450349471,
    0.2993143897025608,
    0.30027670173067306,
    0.297964487434192,
    0.29709387930112074,
    0.2985714297042419,
    0.29940816513554036,
    0.2980531224801204,
    0.29651100533764535,
    0.2984630982307589,
    0.30194262796785776,
    0.2973003853764286,
    0.2967727415397969,
    0.2974795603597278,
    0.29712553083707016,
    0.2993522043856432,
    0.2975091754220829,
    0.2983585776620933,
    0.294494819223944,
    0.29771922267222833,
    0.29910089440588483,
    0.29721638821816015,
    0.29811991081984907,
    0.298769154176037,
    0.2979284416200753,
    0.29433855397798603,
    0.29727139759291266,
    0.29726713390137965,
    0.2975260952402653,
    0.2982113994223442,
    0.2985861018094632,
    0.2984805107906793,
    0.2965559837342194,
    0.2969764411244008,
    0.29861339131095627,
    0.29497867666208605,
    0.29679411947569184,
    0.2973876760626648,
    0.298412410145347,
    0.29657985596331915,
    0.29728296685920413,
    0.29623919156550854,
    0.2985717699895608,
    0.2961660108014483,
    0.2958779911790142,
    0.29771002054941365,
    0.29736951152346675,
    0.2956236605379387,
    0.29695466476811583
  ],
  "accuracies": [
    80.65778131423646,
    83.13440753265698,
    83.78423181486639,
    84.27491545653471,
    84.27491545653471,
    84.45394867714343,
    84.63298189775215,
    84.75565280816922,
    84.80206882832704,
    84.95457860884557,
    84.92142430873284,
    84.95457860884557,
    85.06067236920629,
    85.30269876002917,
    85.26954445991645,
    85.21649757973609,
    85.23307472979245,
    85.39221537033353,
    85.33253763013063,
    85.56793316093098,
    85.46183940057026,
    85.39884623035607,
    85.62429547112261,
    85.48504741064916,
    85.18665870963464,
    85.60440289105497,
    85.43863139049135,
    85.67071149128041,
    85.6010874610437,
    85.57787945096479,
    85.90610702208076,
    85.89947616205822,
    85.8530601419004,
    85.87958358199059,
    85.90279159206949,
    85.8663218619455,
    85.7933824016975,
    85.95583847224985,
    85.97241562230622,
    85.91273788210331,
    86.13487169285857,
    85.94589218221603,
    86.11166368277965,
    86.03540879252039,
    86.01883164246402,
    85.6740269212917,
    86.26085803328692,
    86.08845567270075,
    85.82653670181023,
    86.10503282275711,
    86.12160997281347,
    85.97573105231749,
    86.04203965254294,
    85.92931503215966,
    86.04867051256548,
    86.04867051256548,
    85.84974471188913,
    85.94920761222731,
    86.19786486307274,
    86.1547642729262,
    86.29069690338837,
    86.14481798289238,
    86.07850938266694,
    86.13487169285857,
    86.24428088323056,
    86.13818712286984,
    85.94257675220476,
    86.07850938266694,
    86.10503282275711,
    86.29069690338837,
    86.310589483456,
    85.86300643193422,
    86.0586168025993,
    86.13487169285857,
    86.09840196273457,
    85.95583847224985,
    86.20449572309529,
    86.00888535243021,
    86.10171739274584,
    86.11497911279093,
    85.9259996021484,
    85.93594589218222,
    86.08845567270075,
    86.13818712286984,
    86.14150255288111,
    86.09840196273457,
    86.23433459319673,
    85.89616073204695,
    86.2277037331742,
    86.00556992241894,
    86.16471056296001,
    86.03540879252039,
    86.29401233339964,
    86.1315562628473,
    86.35700550361382,
    86.10503282275711,
    86.0818248126782,
    86.17465685299383,
    85.97573105231749,
    86.14481798289238
  ]
}