{
  "losses": [
    0.39798982928122845,
    0.35764564276689687,
    0.34707449931228657,
    0.3399751257479254,
    0.33961076573058885,
    0.33645400493420574,
    0.3307875977910083,
    0.32897308475139414,
    0.3267353373329814,
    0.32477910723438447,
    0.32426209905809966,
    0.3204250570351094,
    0.3226675241395499,
    0.32197277576584576,
    0.31758848218245317,
    0.3182793454062648,
    0.31773525324757756,
    0.31589697326670774,
    0.31474444850062516,
    0.3142441780259981,
    0.311527639343023,
    0.31356232846402665,
    0.313432394676029,
    0.3129707467786707,
    0.3104112965399488,
    0.31138104998357474,
    0.310261061650129,
    0.3106034728179934,
    0.3084634180444422,
    0.308474217056596,
    0.3052790561574388,
    0.30371134342627715,
    0.3038869235004878,
    0.301710771683165,
    0.30211416786005235,
    0.30319065286176455,
    0.3024571977026389,
    0.2999244057914106,
    0.30127656750562715,
    0.3001349355515847,
    0.301281099971127,
    0.2998011690008425,
    0.3000833200782632,
    0.29914310964837687,
    0.30085820289109444,
    0.3006711888461831,
    0.30073916757220553,
    0.29885209275929064,
    0.29830076683743256,
    0.3005534483402304,
    0.2997886991624109,
    0.30040934929981716,
    0.2981421506212094,
    0.29884806702018163,
    0.2989566300384313,
    0.2989826172922095,
    0.29715265082402803,
    0.30001930281725314,
    0.2982987224945082,
    0.2982752157626071,
    0.29842642004170067,
    0.2976799932716381,
    0.29868152137936615,
    0.296615543809827,
    0.29866402259655495,
    0.2979530544511081,
    0.2957373607433613,
    0.29894442146017847,
    0.29710907970228223,
    0.2977819478619263,
    0.29769095089503844,
    0.2988645273516565,
    0.2969325181977746,
    0.2961822815421151,
    0.2974356163376083,
    0.29483504542806366,
    0.29947296176836574,
    0.2973547421103444,
    0.29622414754753024,
    0.2978177555972041,
    0.2968210412677247,
    0.2975942693326784,
    0.29731379332433705,
    0.29717713486983943,
    0.29765058506363146,
    0.29702364075000565,
    0.2977653450608127,
    0.2955179898224352,
    0.2957290408546194,
    0.2978698797484471,
    0.29473719199129783,
    0.29620160773981163,
    0.2963604939704482,
    0.2958349580792582,
    0.29771469763360625,
    0.2972146883243468,
    0.29693191299414456,
    0.29691932542389804,
    0.29701600836892145,
    0.29677841426016544
  ],
  "accuracies": [
    81.18161925601751,
    83.06809893243154,
    83.68476891452822,
    84.14561368609509,
    83.9267953053511,
    84.40421722697434,
    84.48710297725616,
    84.80206882832704,
    84.8915854386314,
    85.0109409190372,
    84.9877329089583,
    85.0341489291161,
    85.02088720907102,
    85.22644386976991,
    85.18665870963464,
    85.26954445991645,
    85.43863139049135,
    85.42868510045753,
    85.53477886081825,
    85.47510112061535,
    85.55135601087461,
    85.55798687089715,
    85.51820171076189,
    85.65744977123533,
    85.6375571911677,
    85.65744977123533,
    85.61766461110005,
    85.61103375107751,
    85.74033552151714,
    85.58451031098734,
    85.77348982162987,
    85.87295272196803,
    85.89947616205822,
    85.93594589218222,
    86.03540879252039,
    85.95915390226112,
    85.90279159206949,
    86.03540879252039,
    86.00225449240766,
    85.94257675220476,
    85.95583847224985,
    86.18128771301637,
    86.02877793249785,
    86.17134142298256,
    86.00556992241894,
    86.10503282275711,
    86.1547642729262,
    86.12824083283601,
    85.94920761222731,
    86.01883164246402,
    86.15144884291493,
    86.07519395265565,
    85.97241562230622,
    86.09840196273457,
    85.99893906239639,
    86.10171739274584,
    86.24759631324183,
    85.98899277236258,
    86.26085803328692,
    86.1547642729262,
    86.25422717326437,
    86.25422717326437,
    86.1779722830051,
    86.11166368277965,
    86.02877793249785,
    86.2277037331742,
    86.1182945428022,
    86.09177110271202,
    86.33379749353492,
    86.1547642729262,
    86.15807970293747,
    86.28075061335456,
    86.274119753332,
    86.33379749353492,
    85.95583847224985,
    86.36032093362509,
    86.12492540282474,
    86.27743518334329,
    86.12824083283601,
    86.17465685299383,
    86.383528943704,
    86.35037464359128,
    86.31390491346728,
    86.27080432332073,
    86.18791857303893,
    86.21775744314037,
    86.26417346329819,
    86.39015980372655,
    86.18791857303893,
    86.10834825276838,
    86.24096545321929,
    86.17134142298256,
    86.17465685299383,
    86.2509117432531,
    86.04867051256548,
    86.21112658311783,
    86.20118029308401,
    86.23433459319673,
    86.43989125389562,
    86.2277037331742
  ]
}