{
  "losses": [
    0.3817273162319993,
    0.34768534119447697,
    0.3389997356708485,
    0.3345282846560413,
    0.33040873917123426,
    0.3285765826467915,
    0.32331735872039624,
    0.32110285060754695,
    0.31818101691239475,
    0.31732830264713535,
    0.3172678350450833,
    0.31564216071297,
    0.3139842420611494,
    0.3141139450470216,
    0.3120126307508332,
    0.31044871475701247,
    0.3077128678560257,
    0.3103671798112936,
    0.3091468558535126,
    0.30822785009130516,
    0.30883916913145654,
    0.3066659739976548,
    0.3078450610264697,
    0.3066433812976469,
    0.3080531004633323,
    0.3056881669725791,
    0.3030741234439881,
    0.30594413532840714,
    0.30265899273349167,
    0.30208456655323856,
    0.2983005113738693,
    0.29842297516924227,
    0.29763991903872294,
    0.29806917338597283,
    0.29705892856029725,
    0.29659611062825547,
    0.295171418854846,
    0.29777596503759646,
    0.29513564344297927,
    0.296045298938784,
    0.2960157081821461,
    0.2949576262377334,
    0.29474187346654696,
    0.29560454718197726,
    0.29447980753506564,
    0.29462311685465875,
    0.29499287729120444,
    0.29537110779368575,
    0.2935741050699488,
    0.2948598824953752,
    0.2951942537060421,
    0.2936578959314434,
    0.2950678158529498,
    0.2908913245706404,
    0.2936711242616411,
    0.29238898428577803,
    0.29342966621159805,
    0.2924724476291178,
    0.292853008867891,
    0.29250536302071656,
    0.29328897905724455,
    0.291277984299922,
    0.2913346851138446,
    0.29401193832162553,
    0.2916964772056737,
    0.2913170013437688,
    0.29234503317909766,
    0.2912836408421895,
    0.2917855612728708,
    0.2901752292085256,
    0.2919343784890615,
    0.28947290822073146,
    0.29163514625112763,
    0.29127566327573273,
    0.29166896025007977,
    0.2911499269335935,
    0.2933638367018789,
    0.2901014982043877,
    0.28996671365175125,
    0.29137856814798063,
    0.2933585719225566,
    0.2912275785898647,
    0.291543454231881,
    0.2915662084294443,
    0.29113285281569173,
    0.2906863107428335,
    0.29117294107444863,
    0.2912094950866254,
    0.29259504668399955,
    0.2908011631333875,
    0.2915834091559843,
    0.2908110511736223,
    0.29089293041228076,
    0.29266802528196095,
    0.2923620597098923,
    0.2911747920167704,
    0.2920483130895787,
    0.29283588727266474,
    0.29302431924052696,
    0.2913622704200988
  ],
  "accuracies": [
    81.67746690826449,
    83.5969411258868,
    83.97162249316668,
    84.27873836798624,
    84.7363410214674,
    84.86840084763982,
    84.89297011762538,
    85.08645311876171,
    85.35978624735112,
    85.41199594607045,
    85.24615337366788,
    85.3014342311354,
    85.53791345474647,
    85.43963637480421,
    85.57476735972483,
    85.62083474094776,
    85.78667731335032,
    85.75596572586836,
    85.68225791591168,
    85.72218297963822,
    85.5901231534658,
    85.84502932956605,
    85.65154632842972,
    85.82967353582507,
    85.79589078959492,
    85.93102177451553,
    85.6638309634225,
    85.85117164706244,
    86.07843739442892,
    86.11222014065908,
    86.25656460182427,
    86.07229507693253,
    86.25963576057246,
    86.20742606185314,
    86.24427996683148,
    86.26577807806885,
    86.19821258560854,
    86.26884923681705,
    86.32105893553637,
    86.26577807806885,
    86.25042228432788,
    86.21356837934952,
    86.21049722060133,
    86.20435490310494,
    86.42240717422683,
    86.27806271306164,
    86.10914898191088,
    86.13064709314824,
    86.36405515801111,
    86.29341850680261,
    86.3026319830472,
    86.24427996683148,
    86.2289241730905,
    86.40705138048585,
    86.35484168176653,
    86.40398022173765,
    86.36712631675931,
    86.43469180921961,
    86.34255704677375,
    86.46540339670157,
    86.42547833297503,
    86.36405515801111,
    86.32105893553637,
    86.49918614293173,
    86.41319369798225,
    86.35177052301833,
    86.42547833297503,
    86.42547833297503,
    86.31491661803999,
    86.38555326924849,
    86.40090906298947,
    86.48383034919075,
    86.42854949172323,
    86.2319953318387,
    86.48997266668714,
    86.5851785878812,
    86.3763397930039,
    86.35484168176653,
    86.53296888916188,
    86.50225730167992,
    86.34869936427013,
    86.36405515801111,
    86.4500476029606,
    86.34255704677375,
    86.48997266668714,
    86.53604004791008,
    86.51147077792452,
    86.54832468290286,
    86.48383034919075,
    86.36405515801111,
    86.47154571419797,
    86.41626485673045,
    86.33027241178097,
    86.33027241178097,
    86.36098399926293,
    86.67117103283069,
    86.43469180921961,
    86.29034734805442,
    86.29034734805442,
    86.5268265716655
  ]
}