{
  "losses": [
    0.3920269961704908,
    0.3506734050766424,
    0.34132546695838506,
    0.3365023469292579,
    0.33001156154222244,
    0.32519159902231165,
    0.3224165125334661,
    0.3216874065766869,
    0.319615432300947,
    0.31772197338007757,
    0.31756848110753333,
    0.3148893671355454,
    0.3146460342910763,
    0.31116332611424047,
    0.31152064078771063,
    0.31075080573441705,
    0.3089611048650999,
    0.3111457209192465,
    0.3081085826974721,
    0.3083760851375715,
    0.30796449969583034,
    0.30793718112475277,
    0.30544153544576086,
    0.30617463545533435,
    0.30526582908419586,
    0.30403550591297845,
    0.3041371351697122,
    0.3053169579397016,
    0.3019035565493032,
    0.30187553261756195,
    0.29690244605065796,
    0.298227672734113,
    0.29730954933143083,
    0.29694094040480484,
    0.29621114243692875,
    0.29417559162719076,
    0.2960501686690013,
    0.2942635028354077,
    0.2943446078870175,
    0.2952930736181661,
    0.29377490783399357,
    0.29425193458678445,
    0.29565072153312516,
    0.29499988404261807,
    0.2946740847615221,
    0.29554353875413625,
    0.29463882578174583,
    0.2940969935568939,
    0.2927522863643811,
    0.2932000335503538,
    0.2925906060574565,
    0.2926168641650021,
    0.291825809558096,
    0.2935633947432392,
    0.29243677179740785,
    0.2906714838605616,
    0.2918719388105429,
    0.29340797171640726,
    0.2900641259750121,
    0.2900855077507454,
    0.29125598608012987,
    0.2903067347152645,
    0.29283931210988395,
    0.29021511565022945,
    0.291701153242752,
    0.29206236946617925,
    0.29195672540773576,
    0.2918182989117673,
    0.29166243335118697,
    0.2925925749721836,
    0.291121022669646,
    0.2925046192214976,
    0.2890932731959815,
    0.29160581337752767,
    0.29212164650497363,
    0.29150100233132104,
    0.2906600339063727,
    0.29122796053092465,
    0.29211951439471984,
    0.29013356141936336,
    0.2913496065628669,
    0.2929587647875072,
    0.2924296950632322,
    0.2913289033169245,
    0.29188150482907277,
    0.2936233806776977,
    0.29253653826993437,
    0.2897888159339109,
    0.2898516148358056,
    0.2884325411221953,
    0.2926657641624889,
    0.2915404893399339,
    0.28855232529210434,
    0.2887562123037626,
    0.29095768429382846,
    0.29039874421121564,
    0.2896234644009697,
    0.291370524565574,
    0.2912221313811004,
    0.2929423252424346
  ],
  "accuracies": [
    80.90046374497098,
    83.39117348975769,
    83.882558889469,
    84.27566720923805,
    84.70870059273363,
    84.84076041890606,
    85.14480513497743,
    85.3014342311354,
    85.3751420410921,
    85.41506710481865,
    85.26150916740886,
    85.42735173981143,
    85.51027302601271,
    85.74368109087558,
    85.5225576610055,
    85.58090967722121,
    85.50413070851633,
    85.65768864592611,
    85.92487945701913,
    85.81738890083228,
    85.78974847209852,
    85.76210804336476,
    85.99551610822763,
    85.875740917048,
    85.96480452074567,
    86.07229507693253,
    85.875740917048,
    85.8051042658395,
    85.91259482202635,
    85.875740917048,
    86.29341850680261,
    86.13371825189644,
    86.24427996683148,
    86.14600288688922,
    86.35791284051473,
    86.27806271306164,
    86.18592795061576,
    86.24120880808329,
    86.43162065047142,
    86.24427996683148,
    86.63124596910414,
    86.38555326924849,
    86.26270691932066,
    86.34869936427013,
    86.36405515801111,
    86.38555326924849,
    86.35791284051473,
    86.48690150793894,
    86.32105893553637,
    86.44083412671601,
    86.5882497466294,
    86.54218236540646,
    86.35484168176653,
    86.47154571419797,
    86.37326863425571,
    86.32413009428457,
    86.52989773041368,
    86.21356837934952,
    86.54218236540646,
    86.45618992045699,
    86.55753815914744,
    86.55446700039926,
    86.41626485673045,
    86.54218236540646,
    86.48997266668714,
    86.3026319830472,
    86.55753815914744,
    86.31184545929179,
    86.42854949172323,
    86.33334357052917,
    86.32105893553637,
    86.55446700039926,
    86.6650287153343,
    86.5913209053776,
    86.48075919044255,
    86.62203249285956,
    86.37019747550751,
    86.39169558674487,
    86.39476674549307,
    86.54218236540646,
    86.43469180921961,
    86.28113387180983,
    86.3763397930039,
    86.41626485673045,
    86.43469180921961,
    86.48075919044255,
    86.53911120665828,
    86.42240717422683,
    86.63431712785234,
    86.57903627038482,
    86.50839961917632,
    86.42547833297503,
    86.49304382543534,
    86.57289395288842,
    86.56982279414022,
    86.43469180921961,
    86.47154571419797,
    86.48690150793894,
    86.38248211050029,
    86.46847455544977
  ]
}