{
  "losses": [
    0.3948183756554746,
    0.35591176888596343,
    0.34511350510861183,
    0.3397888319995472,
    0.33451391807100556,
    0.3299591023621099,
    0.3297008497685921,
    0.32620441693958774,
    0.3237966423496715,
    0.32337001203100096,
    0.3216727756730193,
    0.32056263463684254,
    0.3213431228461852,
    0.31965561356486344,
    0.3183328556420315,
    0.3161636513054434,
    0.3154870727566621,
    0.31577079634904104,
    0.31487121105130883,
    0.3133581022110749,
    0.31410286679058036,
    0.3128500756504427,
    0.3103197798338321,
    0.31324134337244713,
    0.3081123804553063,
    0.3114659792229075,
    0.3090892105678359,
    0.3093247459618689,
    0.3084849761927368,
    0.30858242611301034,
    0.3042536898894376,
    0.30247754181714476,
    0.3011642318467826,
    0.2995937418346693,
    0.3009900437353904,
    0.30087877683586434,
    0.298836151653484,
    0.29871436403639623,
    0.3021351872199666,
    0.29815942774332216,
    0.30038504946427785,
    0.29931132463009463,
    0.29855960226703676,
    0.3012475425403166,
    0.2997004430689716,
    0.2978499256793414,
    0.30158865379124156,
    0.29739029274133455,
    0.2975495423043141,
    0.29932995741023494,
    0.2982962340084897,
    0.2977618273833524,
    0.29850553314291406,
    0.2975270244611915,
    0.2974815126488722,
    0.29795799074913765,
    0.29742444652672917,
    0.2952203596384123,
    0.29626117424677945,
    0.2967539159136638,
    0.2975442329873968,
    0.29764819169695533,
    0.2947960954123944,
    0.2974755317841835,
    0.2949010501531756,
    0.2948293402111543,
    0.2958744229276764,
    0.29647575393082104,
    0.2968298614277946,
    0.2943701763989943,
    0.29503435991538546,
    0.2962647106810567,
    0.29642960332800194,
    0.2951291687194009,
    0.2953143878301659,
    0.29684662899498215,
    0.2957382123139099,
    0.29756866679117006,
    0.29734693324610134,
    0.294574616253692,
    0.2951965633767913,
    0.2959668674246504,
    0.2963372641030703,
    0.2964732941330933,
    0.2949977309254422,
    0.2944853360649131,
    0.2972528088683794,
    0.29514001605366597,
    0.2948782114768332,
    0.2952619735171282,
    0.29568318396111437,
    0.29700575499525755,
    0.2958243474332677,
    0.2968634471913537,
    0.2953141621873968,
    0.2943171796054122,
    0.29736917341090463,
    0.2953093430602159,
    0.29712620317493493,
    0.29689000344668315
  ],
  "accuracies": [
    81.22140441615278,
    83.1808235528148,
    83.80412439493402,
    83.85717127511438,
    84.45394867714343,
    84.65950533784232,
    84.57330415754923,
    84.8551157085074,
    85.15018897951065,
    85.03746435912738,
    84.93468602877793,
    85.18334327962337,
    85.11371924938665,
    85.24965187984881,
    85.27949074995027,
    85.10045752934155,
    85.44857768052516,
    85.43531596048007,
    85.24302101982627,
    85.45852397055899,
    85.40547709037862,
    85.50162456070552,
    85.65413434122405,
    85.48504741064916,
    85.58119488097606,
    85.58451031098734,
    85.63424176115642,
    85.48836284066043,
    85.78343611166369,
    85.81327498176513,
    85.84311385186659,
    86.02877793249785,
    85.97904648232876,
    85.97904648232876,
    85.81327498176513,
    86.19454943306147,
    85.87626815197932,
    86.25422717326437,
    86.05530137258802,
    86.1912340030502,
    85.87295272196803,
    85.95915390226112,
    85.92931503215966,
    85.95252304223858,
    85.83648299184404,
    85.96910019229495,
    85.81990584178767,
    86.10171739274584,
    85.89947616205822,
    86.17465685299383,
    86.15807970293747,
    86.06524766262184,
    86.01883164246402,
    86.06193223261057,
    86.05530137258802,
    86.19786486307274,
    86.15807970293747,
    86.13487169285857,
    86.10171739274584,
    86.01551621245275,
    86.01220078244148,
    86.06524766262184,
    86.1547642729262,
    86.04203965254294,
    86.14481798289238,
    86.2509117432531,
    86.26417346329819,
    85.99893906239639,
    86.1315562628473,
    86.27743518334329,
    86.17134142298256,
    86.19454943306147,
    86.30395862343346,
    86.23433459319673,
    86.14481798289238,
    85.99893906239639,
    86.08845567270075,
    85.93263046217095,
    86.09840196273457,
    86.32053577348982,
    86.31722034347855,
    86.274119753332,
    86.14813341290365,
    85.99230820237385,
    86.31390491346728,
    86.32716663351236,
    86.237650023208,
    86.16139513294874,
    86.07519395265565,
    86.20781115310656,
    86.20449572309529,
    86.20449572309529,
    86.310589483456,
    86.13818712286984,
    86.08514024268948,
    86.14813341290365,
    86.14813341290365,
    86.18460314302764,
    86.07187852264438,
    86.07187852264438
  ]
}