{
  "losses": [
    0.3888013178888847,
    0.34852260851789785,
    0.337696220484253,
    0.3347735843220488,
    0.3283583347069023,
    0.32514517783591695,
    0.3216864192356998,
    0.32105699101049445,
    0.3179038125136044,
    0.3201337409569847,
    0.3156764486069061,
    0.3158056534431538,
    0.31450198681509095,
    0.31219708299619275,
    0.3118217787787699,
    0.3103649717607409,
    0.3111198898660996,
    0.3095519610466564,
    0.30919232695914206,
    0.3084385200149301,
    0.3075081718928219,
    0.30573567595105977,
    0.30767000228722813,
    0.3070065416688418,
    0.3062983525144796,
    0.3052825934321332,
    0.30421665806345244,
    0.30351683156370884,
    0.3020912265379443,
    0.3023423921089978,
    0.2993190962901752,
    0.2974848326346846,
    0.29716164579940685,
    0.2965649171917167,
    0.295702284761871,
    0.2980754727420849,
    0.29708690087956857,
    0.2955917889556037,
    0.29513727324650657,
    0.29570474559788856,
    0.29529804321397496,
    0.29536705322139156,
    0.2964913812786165,
    0.29411274221065237,
    0.29418319714034236,
    0.29506437689768544,
    0.296398629805838,
    0.2962144267304356,
    0.29396975057269126,
    0.29456172331669944,
    0.29419888446952835,
    0.2943157144110423,
    0.2928150639538095,
    0.29398628697531165,
    0.2949291905918852,
    0.2934696366296887,
    0.29385047621132115,
    0.29367227713286526,
    0.2938810476122062,
    0.2932283873569169,
    0.2909159963193015,
    0.29293658859544747,
    0.2920593235034254,
    0.2941043937765428,
    0.29100541886095915,
    0.291959689048161,
    0.29077945535449945,
    0.2900869525120043,
    0.2922923278231869,
    0.2900215631647288,
    0.29109536048412793,
    0.2928306934787857,
    0.2898586370006994,
    0.291485355072792,
    0.29155921775020643,
    0.29192080721991004,
    0.29125675635159837,
    0.29082114446344687,
    0.2919131329974749,
    0.29369448533021864,
    0.2923014946940606,
    0.292409526217136,
    0.29078659481114627,
    0.2917074841064765,
    0.2922505666382889,
    0.2920038292151537,
    0.29265008391794145,
    0.29310518402189073,
    0.2905326394880216,
    0.289444348410738,
    0.2914931661356058,
    0.2913053225879585,
    0.2915255052123534,
    0.28986568804574153,
    0.29169772264560456,
    0.2918470481919282,
    0.2919715854589972,
    0.2913183554245821,
    0.2896668964846898,
    0.291824999106188
  ],
  "accuracies": [
    81.33349712846658,
    83.5293756334265,
    84.06682841436074,
    84.3125211142164,
    84.70870059273363,
    84.90832591136636,
    85.1632320874666,
    85.14173397622923,
    85.39356899358128,
    85.45192100979699,
    85.43656521605602,
    85.54712693099107,
    85.47341912103437,
    85.43963637480421,
    85.70682718589724,
    85.5901231534658,
    85.593194312214,
    85.69761370965266,
    85.65154632842972,
    85.84502932956605,
    85.69454255090446,
    85.67611559841528,
    85.8081754245877,
    85.70682718589724,
    85.6669021221707,
    85.75596572586836,
    86.10607782316268,
    85.86038512330703,
    86.00165842572403,
    86.00472958447222,
    86.04158348945057,
    86.12143361690366,
    86.30877430054359,
    86.21049722060133,
    86.10607782316268,
    86.23813764933509,
    86.13678941064464,
    86.26270691932066,
    86.41319369798225,
    86.35177052301833,
    86.13678941064464,
    86.1675009981266,
    86.26884923681705,
    86.36405515801111,
    86.47461687294616,
    86.26577807806885,
    86.04465464819877,
    86.25349344307607,
    86.32720125303277,
    86.27192039556525,
    86.31491661803999,
    86.21971069684592,
    86.31491661803999,
    86.27192039556525,
    86.31184545929179,
    86.43776296796781,
    86.29341850680261,
    86.34562820552195,
    86.5176130954209,
    86.21356837934952,
    86.57596511163662,
    86.29648966555081,
    86.40090906298947,
    86.33027241178097,
    86.36098399926293,
    86.38862442799669,
    86.44390528546421,
    86.60974785786678,
    86.35177052301833,
    86.41933601547863,
    86.45926107920518,
    86.4500476029606,
    86.55753815914744,
    86.50225730167992,
    86.4500476029606,
    86.35484168176653,
    86.5176130954209,
    86.48690150793894,
    86.46540339670157,
    86.35177052301833,
    86.26270691932066,
    86.35484168176653,
    86.54525352415466,
    86.38862442799669,
    86.45618992045699,
    86.47768803169436,
    86.36712631675931,
    86.41626485673045,
    86.5851785878812,
    86.5145419366727,
    86.34255704677375,
    86.5268265716655,
    86.40398022173765,
    86.49918614293173,
    86.27806271306164,
    86.42854949172323,
    86.34255704677375,
    86.39783790424127,
    86.40398022173765,
    86.39783790424127
  ]
}