{
  "losses": [
    0.39186361697017563,
    0.3506498802563062,
    0.3398875970620303,
    0.3342536701024867,
    0.32932208359885545,
    0.3271989618192019,
    0.32392067175307304,
    0.323580231993278,
    0.31914295642572676,
    0.31664379246986685,
    0.3159910732759474,
    0.3165432190877515,
    0.31353135443565183,
    0.3115687976666307,
    0.31204712922979433,
    0.3126585572621326,
    0.31173513800432734,
    0.3101789565914272,
    0.30958901878541484,
    0.30705878359571187,
    0.3071420593717829,
    0.3068156021853913,
    0.3061033351628626,
    0.30482730743692993,
    0.3058656998315354,
    0.3060081741664639,
    0.30392854436061,
    0.30348333627834534,
    0.3020061558086886,
    0.30196902556948674,
    0.2976824555743654,
    0.29938892522471827,
    0.2949620736342048,
    0.29380536709558985,
    0.2947747041937879,
    0.29542364426733,
    0.2956278554231572,
    0.29407141396450154,
    0.29519162627855544,
    0.29468198618275243,
    0.2933440871888036,
    0.2941370754263022,
    0.29253699728571364,
    0.29188030978668417,
    0.2930240223883177,
    0.29306839661917894,
    0.29443531667846595,
    0.29425569510998567,
    0.29130403352041373,
    0.29504418357738343,
    0.2909414914888577,
    0.2947235585634975,
    0.293080973916473,
    0.2917131279944671,
    0.2931149399497186,
    0.2911359873583837,
    0.29211452848521335,
    0.2916889099334687,
    0.29241891746173204,
    0.2895473422215472,
    0.291719158836924,
    0.2904128761328976,
    0.2907866159333227,
    0.2906917959144284,
    0.2911299616025215,
    0.2921651619283413,
    0.2903982412750688,
    0.28908569174718063,
    0.29050445171669564,
    0.2915656200604612,
    0.2909955173833314,
    0.29018887249507697,
    0.2928025595229009,
    0.2902567957935961,
    0.29062408953905106,
    0.2915514506882675,
    0.29162468308169387,
    0.2906617821507112,
    0.2899921350034726,
    0.29222480246471516,
    0.2923821408762679,
    0.2913447234830828,
    0.2915104613117947,
    0.290376487416755,
    0.29035812794927995,
    0.29044800348331046,
    0.2889827924665276,
    0.29160045969989773,
    0.28900311137083,
    0.29336219554682846,
    0.2915309681127137,
    0.2878717621660303,
    0.29085440857588424,
    0.29071394343126733,
    0.2925968394049376,
    0.2890705276492888,
    0.2888988007394293,
    0.2895834666836004,
    0.2913522295331791,
    0.28999313106119984
  ],
  "accuracies": [
    81.07244863486994,
    83.32053683854919,
    84.03304566813058,
    84.32480574920918,
    84.58585424280581,
    84.79469303768312,
    84.96360676883388,
    85.03424342004239,
    85.2338687386751,
    85.31371886612818,
    85.35364392985474,
    85.39971131107767,
    85.49491723227173,
    85.5962654709622,
    85.57476735972483,
    85.53177113725009,
    85.49184607352355,
    85.58705199471761,
    85.65154632842972,
    85.7313964558828,
    85.68532907465988,
    85.93716409201191,
    85.84502932956605,
    86.03544117195418,
    85.89109671078899,
    85.93409293326373,
    85.94330640950831,
    85.98323147323485,
    86.0200853782132,
    85.86345628205522,
    86.1644298393784,
    86.14293172814102,
    86.29648966555081,
    86.40398022173765,
    86.30877430054359,
    86.35484168176653,
    86.40090906298947,
    86.25963576057246,
    86.13064709314824,
    86.21049722060133,
    86.34562820552195,
    86.39169558674487,
    86.48383034919075,
    86.40705138048585,
    86.38555326924849,
    86.42854949172323,
    86.38555326924849,
    86.18592795061576,
    86.4531187617088,
    86.35177052301833,
    86.50225730167992,
    86.50839961917632,
    86.35177052301833,
    86.45926107920518,
    86.42547833297503,
    86.61896133411136,
    86.34562820552195,
    86.47154571419797,
    86.5145419366727,
    86.54218236540646,
    86.56368047664384,
    86.49918614293173,
    86.5176130954209,
    86.47461687294616,
    86.61281901661496,
    86.42240717422683,
    86.5145419366727,
    86.58210742913302,
    86.46847455544977,
    86.41626485673045,
    86.54832468290286,
    86.3763397930039,
    86.24427996683148,
    86.69574030281625,
    86.47768803169436,
    86.54832468290286,
    86.5145419366727,
    86.5206842541691,
    86.54832468290286,
    86.36098399926293,
    86.49918614293173,
    86.57289395288842,
    86.43776296796781,
    86.46847455544977,
    86.5206842541691,
    86.43776296796781,
    86.4531187617088,
    86.5237554129173,
    86.58210742913302,
    86.47461687294616,
    86.48997266668714,
    86.49918614293173,
    86.5237554129173,
    86.49304382543534,
    86.56060931789564,
    86.72645189029821,
    86.62203249285956,
    86.43469180921961,
    86.55753815914744,
    86.48383034919075
  ]
}