{
  "losses": [
    0.3849751962776971,
    0.34884573643650196,
    0.3400086635515123,
    0.33521344085280697,
    0.32984901418678886,
    0.32920410134234923,
    0.3246739973078074,
    0.32147463119802866,
    0.3197848027487869,
    0.31947515469432347,
    0.3175619853063979,
    0.3163209195689743,
    0.3158394554977567,
    0.31365701168307153,
    0.31112131376866037,
    0.3133832845829559,
    0.3109395754960876,
    0.3091962806704822,
    0.3095682615191037,
    0.30855795431494243,
    0.3100531616400056,
    0.30677385200071194,
    0.30609189066121056,
    0.3073745175010446,
    0.30574764634074536,
    0.3047518893007797,
    0.30462592334462757,
    0.30515769805415205,
    0.30329411701538944,
    0.3036885138871862,
    0.2996637814317799,
    0.29856709158871403,
    0.2989460177177999,
    0.29840621330239214,
    0.2968023993762865,
    0.2983618439019663,
    0.2974480762931359,
    0.2965573148110292,
    0.2965573501683523,
    0.2963199520479954,
    0.2945167097264868,
    0.29289718698307665,
    0.2958298268671237,
    0.296335914931562,
    0.295955557851871,
    0.2932802580575109,
    0.29399347434841344,
    0.29516058003123713,
    0.295438288764073,
    0.2925538269762674,
    0.29414116224541176,
    0.2932668415379431,
    0.2955013685484649,
    0.29457127867899613,
    0.2927056503260768,
    0.29373162505463907,
    0.2917145452368822,
    0.2930516937568286,
    0.29295104007970374,
    0.2919745343885511,
    0.2914537795195411,
    0.2931101081823319,
    0.29328426434740806,
    0.29364002405982353,
    0.29085913636449046,
    0.292079276202177,
    0.2918946318445482,
    0.2918221227356282,
    0.2927222598512421,
    0.28940624562924644,
    0.2926375680110895,
    0.2917478663411379,
    0.29122501181361715,
    0.2916611413341491,
    0.29077125643700186,
    0.2908773258079597,
    0.29185931861751907,
    0.2933083611278848,
    0.2921029211393391,
    0.2906262931031539,
    0.29233395558560527,
    0.2916304509874528,
    0.29166633686991245,
    0.29170254128298967,
    0.2906732665254114,
    0.29104251645080936,
    0.292884353841042,
    0.29091004975330387,
    0.2904626986337551,
    0.29290662285796787,
    0.29108900042554486,
    0.2927908223920112,
    0.2913474862213102,
    0.29128761429976385,
    0.29100931459243734,
    0.2899196113373769,
    0.29075870160855105,
    0.29106242720528064,
    0.28983759443131085,
    0.2901991327130373
  ],
  "accuracies": [
    81.58840330456681,
    83.60308344338318,
    84.01154755689322,
    84.14360738306563,
    84.81926230766868,
    84.6657043702589,
    84.78547956143854,
    85.05881269002795,
    85.3045053898836,
    85.47341912103437,
    85.22465526243052,
    85.39971131107767,
    85.45499216854519,
    85.46113448604159,
    85.6699732809189,
    85.47649027978257,
    85.71604066214182,
    85.83274469457326,
    85.82353121832868,
    85.734467614631,
    85.72525413838642,
    85.6607598046743,
    85.83888701206965,
    85.68225791591168,
    85.70989834464544,
    85.99244494947943,
    85.81738890083228,
    86.0231565369614,
    86.06615275943614,
    85.81124658333589,
    86.13986056939284,
    86.19514142686036,
    86.17364331562298,
    86.1675009981266,
    86.12450477565186,
    86.20742606185314,
    86.13986056939284,
    86.3026319830472,
    86.26577807806885,
    86.30877430054359,
    86.42547833297503,
    86.32413009428457,
    86.1675009981266,
    86.26577807806885,
    86.35177052301833,
    86.37326863425571,
    86.2289241730905,
    86.24427996683148,
    86.38555326924849,
    86.38555326924849,
    86.34869936427013,
    86.36712631675931,
    86.37326863425571,
    86.30877430054359,
    86.32413009428457,
    86.45618992045699,
    86.56675163539204,
    86.45618992045699,
    86.55139584165106,
    86.46847455544977,
    86.40398022173765,
    86.41626485673045,
    86.55139584165106,
    86.51147077792452,
    86.46233223795338,
    86.44083412671601,
    86.41626485673045,
    86.42240717422683,
    86.29034734805442,
    86.52989773041368,
    86.38555326924849,
    86.53911120665828,
    86.52989773041368,
    86.4531187617088,
    86.53911120665828,
    86.57903627038482,
    86.41319369798225,
    86.39169558674487,
    86.37941095175209,
    86.38555326924849,
    86.5913209053776,
    86.50225730167992,
    86.35177052301833,
    86.37941095175209,
    86.57289395288842,
    86.35791284051473,
    86.40090906298947,
    86.40398022173765,
    86.39169558674487,
    86.45926107920518,
    86.54525352415466,
    86.38248211050029,
    86.5237554129173,
    86.39783790424127,
    86.48690150793894,
    86.5851785878812,
    86.49611498418354,
    86.46540339670157,
    86.6588863978379,
    86.68959798531986
  ]
}