{
  "losses": [
    0.401216785439925,
    0.34946667341504445,
    0.33956590417794486,
    0.33453465310201663,
    0.33028457523094884,
    0.32667258147640643,
    0.3244931058251905,
    0.3225972126356979,
    0.31949586490048404,
    0.317418702839634,
    0.31716918444703746,
    0.3145533482487403,
    0.31395569498594006,
    0.3136703614987184,
    0.3121092070208786,
    0.31269564954582274,
    0.30823455447942194,
    0.30970191330537344,
    0.30925219263039777,
    0.3102842257348985,
    0.3069010612743308,
    0.3066386901617987,
    0.30746442356196274,
    0.3067620570948878,
    0.3044473201929352,
    0.30349353529615347,
    0.30713434824043034,
    0.3042940473612142,
    0.30087214519502137,
    0.303713569618864,
    0.29900520068020625,
    0.2973837242964911,
    0.2963709179714527,
    0.2954988813353428,
    0.295413868037036,
    0.2955404788416706,
    0.29741163686474087,
    0.2945027311272143,
    0.2949562454065546,
    0.2933495204112619,
    0.2940313697139383,
    0.2936686079414865,
    0.2945266393743353,
    0.29415777040195373,
    0.29384556923551974,
    0.29247080184124075,
    0.2929339751249915,
    0.2932328551363617,
    0.2927032351742676,
    0.2935187281392998,
    0.2923178744881116,
    0.29358083712328625,
    0.2915416831308006,
    0.2939212086422036,
    0.29380595472536997,
    0.2923210596771863,
    0.29286746895178595,
    0.2919617061355025,
    0.2917333620880348,
    0.2914259712521009,
    0.29045406534301743,
    0.28884552255975476,
    0.29136850713424695,
    0.29116003087233233,
    0.29203242555348485,
    0.29152464485326546,
    0.2906105557862808,
    0.2937840210211652,
    0.29131657937596495,
    0.290007758885622,
    0.2909714516640178,
    0.2897501307409732,
    0.2920253841985888,
    0.2907845201684356,
    0.2922365008203829,
    0.2902652199411205,
    0.2914874796153637,
    0.2922364754166842,
    0.2918645810914063,
    0.29052182662434334,
    0.2897074747398818,
    0.29125208361531757,
    0.2900410760523411,
    0.29242594027068386,
    0.2907049722954894,
    0.29018952469167636,
    0.29200809820022705,
    0.2936919444846264,
    0.29209142425673884,
    0.2910998957066967,
    0.29004166153770067,
    0.2916232352538404,
    0.29137064809298,
    0.29229574747134757,
    0.2883707539842616,
    0.29122424059801816,
    0.2925966218816508,
    0.2905128126367488,
    0.2929532827044634,
    0.29093369112619016
  ],
  "accuracies": [
    80.75919044255397,
    83.63072387211695,
    84.14360738306563,
    84.32480574920918,
    84.62270814778415,
    84.86225853014342,
    84.95439329258929,
    85.06188384877615,
    85.25536684991248,
    85.22465526243052,
    85.38742667608489,
    85.3720708823439,
    85.70068486840084,
    85.54405577224287,
    85.48263259727895,
    85.56555388348023,
    85.8020331070913,
    85.68225791591168,
    85.68840023340806,
    85.71604066214182,
    85.65461748717792,
    85.78974847209852,
    85.69761370965266,
    85.98323147323485,
    85.90031018703357,
    86.02929885445779,
    85.7375387733792,
    85.81738890083228,
    85.86652744080341,
    85.875740917048,
    85.99858726697583,
    86.24735112557968,
    86.33641472927735,
    86.2289241730905,
    86.17364331562298,
    86.39476674549307,
    86.2258530143423,
    86.25042228432788,
    86.27499155431344,
    86.37941095175209,
    86.2350664905869,
    86.37019747550751,
    86.2258530143423,
    86.25042228432788,
    86.34562820552195,
    86.44390528546421,
    86.30877430054359,
    86.0937931881699,
    86.37326863425571,
    86.34255704677375,
    86.42547833297503,
    86.35177052301833,
    86.25963576057246,
    86.26270691932066,
    86.27192039556525,
    86.3026319830472,
    86.34562820552195,
    86.39476674549307,
    86.51147077792452,
    86.3763397930039,
    86.34562820552195,
    86.39783790424127,
    86.2289241730905,
    86.42240717422683,
    86.45618992045699,
    86.40398022173765,
    86.27192039556525,
    86.34255704677375,
    86.27499155431344,
    86.51147077792452,
    86.13064709314824,
    86.51147077792452,
    86.60667669911858,
    86.42547833297503,
    86.48075919044255,
    86.53911120665828,
    86.36712631675931,
    86.37019747550751,
    86.4500476029606,
    86.3763397930039,
    86.53604004791008,
    86.37941095175209,
    86.52989773041368,
    86.52989773041368,
    86.38248211050029,
    86.48690150793894,
    86.35484168176653,
    86.27806271306164,
    86.32720125303277,
    86.38862442799669,
    86.50532846042812,
    86.47768803169436,
    86.32105893553637,
    86.37326863425571,
    86.48075919044255,
    86.37326863425571,
    86.34562820552195,
    86.57903627038482,
    86.29034734805442,
    86.36405515801111
  ]
}