{
  "losses": [
    0.3805762344499234,
    0.34768723053875983,
    0.3401096085551211,
    0.33343564454019653,
    0.32893457171490714,
    0.32483860668826897,
    0.3221725155187731,
    0.321361352204691,
    0.31621670280171515,
    0.3167100802708,
    0.31682994563593614,
    0.3152012830794092,
    0.31396066173471965,
    0.3118112853678833,
    0.31191826485873203,
    0.3108687490985998,
    0.31129565499796147,
    0.3103637956814705,
    0.30992450956657736,
    0.3071533043544981,
    0.3072832829752582,
    0.30821407295046244,
    0.30828356239322596,
    0.3065439586203787,
    0.30494014289383803,
    0.30417773658903735,
    0.3053880243366383,
    0.30263296136365425,
    0.30207603173019376,
    0.30293444350859505,
    0.2989449540120211,
    0.2991104442443267,
    0.29757552329004394,
    0.29627964622935754,
    0.29690825647156693,
    0.2959880456182015,
    0.2960652727450744,
    0.2953323891243672,
    0.2933552757432512,
    0.2945399953012148,
    0.295803896833965,
    0.29397472595770374,
    0.29231653306889394,
    0.2933367658223525,
    0.29285413266135807,
    0.2935296007174054,
    0.2933714098218382,
    0.29200583696365356,
    0.2935589829456127,
    0.2920774308953632,
    0.29241362093327555,
    0.29177448848785725,
    0.29159166186696656,
    0.2928940520817615,
    0.29122433900716027,
    0.29327951967423466,
    0.291849531218673,
    0.2920401193904151,
    0.2908300785439305,
    0.2908678896622714,
    0.290430203555902,
    0.290744919454302,
    0.290982321263355,
    0.28965055764687553,
    0.292202385468134,
    0.291270027980062,
    0.2894605990418751,
    0.2920132347168529,
    0.29075396609856713,
    0.29044819088224577,
    0.2911998996756283,
    0.2898598589837434,
    0.29068734625643505,
    0.28993070985543706,
    0.289593425687322,
    0.2920336315448603,
    0.29004790601713953,
    0.2892259072095214,
    0.29108705646074823,
    0.2926454259291262,
    0.28964710939668253,
    0.29007700686516835,
    0.2899363537214711,
    0.2914685899490575,
    0.28986659931469055,
    0.2888532267894398,
    0.2917466134140323,
    0.28944596898520625,
    0.29102200903510766,
    0.29072164478464774,
    0.2896762977048667,
    0.29041068186372343,
    0.28920161561612295,
    0.2891930751429325,
    0.29043187289581085,
    0.2895944250970786,
    0.28964671555518634,
    0.2919024237319973,
    0.29049134378875874,
    0.2890407304134959
  ],
  "accuracies": [
    81.83102484567428,
    83.83956266699425,
    83.92555511194374,
    84.41694051165504,
    84.80083535517952,
    84.83154694266146,
    84.97589140382667,
    85.07109732502073,
    85.3014342311354,
    85.47649027978257,
    85.33828813611376,
    85.56248272473204,
    85.63004821719235,
    85.63619053468874,
    85.61776358219956,
    85.48570375602715,
    85.46113448604159,
    85.92795061576733,
    85.78360615460213,
    85.90338134578177,
    85.88495439329259,
    85.734467614631,
    85.74675224962378,
    85.89723902828537,
    85.98630263198305,
    85.83581585332146,
    85.89723902828537,
    85.99551610822763,
    86.12757593440006,
    86.06001044193974,
    86.17671447437118,
    86.12450477565186,
    86.07229507693253,
    86.31184545929179,
    86.1675009981266,
    86.24120880808329,
    86.25349344307607,
    86.33641472927735,
    86.39169558674487,
    86.31184545929179,
    86.20435490310494,
    86.37326863425571,
    86.57596511163662,
    86.34255704677375,
    86.50839961917632,
    86.2319953318387,
    86.32720125303277,
    86.42240717422683,
    86.31491661803999,
    86.4531187617088,
    86.49918614293173,
    86.55753815914744,
    86.52989773041368,
    86.29034734805442,
    86.52989773041368,
    86.42547833297503,
    86.33948588802555,
    86.54832468290286,
    86.45926107920518,
    86.43162065047142,
    86.5943920641258,
    86.4531187617088,
    86.53296888916188,
    86.5851785878812,
    86.5237554129173,
    86.39783790424127,
    86.43162065047142,
    86.3763397930039,
    86.59746322287398,
    86.5882497466294,
    86.49304382543534,
    86.4531187617088,
    86.54832468290286,
    86.46847455544977,
    86.48997266668714,
    86.47461687294616,
    86.43469180921961,
    86.50225730167992,
    86.48690150793894,
    86.57903627038482,
    86.50532846042812,
    86.56982279414022,
    86.64353060409692,
    86.59746322287398,
    86.63124596910414,
    86.60667669911858,
    86.43162065047142,
    86.60360554037038,
    86.43162065047142,
    86.37941095175209,
    86.5268265716655,
    86.38555326924849,
    86.47461687294616,
    86.43162065047142,
    86.56982279414022,
    86.57596511163662,
    86.46847455544977,
    86.49304382543534,
    86.45618992045699,
    86.53911120665828
  ]
}