{
  "losses": [
    0.398607008188436,
    0.3503255656973435,
    0.3400182036759811,
    0.3361362492288728,
    0.32991398761162355,
    0.32683352240469227,
    0.3236543363315183,
    0.3208806678389285,
    0.32029181023536357,
    0.3189565796251381,
    0.3170021528301281,
    0.3165908500054496,
    0.314354955776794,
    0.31093636066570496,
    0.31138273193144145,
    0.31240441547688425,
    0.3099388249862522,
    0.31073047889649047,
    0.30993954196191725,
    0.30694549229208284,
    0.30859663915657576,
    0.3081197568045267,
    0.3067220282724424,
    0.30626497217152115,
    0.30575263433612165,
    0.3051673168122534,
    0.30567822250407667,
    0.3029959092249688,
    0.3036475817147781,
    0.3038913550949518,
    0.2998371637318364,
    0.296946489221045,
    0.2973104156114615,
    0.29796295924833105,
    0.2961652983558201,
    0.29630682619621573,
    0.2950103654652424,
    0.2967476980625295,
    0.293022544428794,
    0.2938937253532803,
    0.2942761204961124,
    0.2957174069081636,
    0.29197778690364834,
    0.29398416787795795,
    0.2930197515442587,
    0.29411252528019177,
    0.2938150029578237,
    0.2922885476488964,
    0.2953953457619329,
    0.29221618677579114,
    0.29262888252969343,
    0.29332839413628364,
    0.29414781702642123,
    0.29158006929783314,
    0.29259032516032163,
    0.2940823362814537,
    0.29355275392356694,
    0.2932247588143836,
    0.291249721151848,
    0.29020644041521143,
    0.2930830470075893,
    0.2928816036326712,
    0.2916093893232069,
    0.28994378499496426,
    0.29143872494079276,
    0.29199884300557477,
    0.291827562581638,
    0.2891754156933669,
    0.292116136764028,
    0.2920263785363883,
    0.2906098866977954,
    0.2919310749140669,
    0.29213831783775496,
    0.2913449101135398,
    0.2915076797275506,
    0.29135742731582676,
    0.2900506082358669,
    0.29008400105013127,
    0.2904994966414682,
    0.29086597424095645,
    0.2912336966655929,
    0.2914264676452034,
    0.2894293303164143,
    0.2906223164326081,
    0.2918371100176294,
    0.29123600491108503,
    0.28956920880465703,
    0.29086743217613,
    0.2906274253718394,
    0.2900085455952084,
    0.29142176475529585,
    0.2910566730223494,
    0.29039925888678414,
    0.29136887644298654,
    0.2920692845783791,
    0.29154916868814085,
    0.2922732946636752,
    0.29062042209687544,
    0.29003090026453576,
    0.2913324191127053
  ],
  "accuracies": [
    80.9618869199349,
    83.46795245846258,
    84.0207610331378,
    84.18660360554037,
    84.61349467153957,
    84.81619114892048,
    84.88989895887718,
    85.0925954362581,
    85.09566659500629,
    85.20622830994134,
    85.1663032462148,
    85.55634040723565,
    85.57783851847302,
    85.82353121832868,
    85.50105954976813,
    85.65154632842972,
    85.67611559841528,
    85.71911182089002,
    85.71296950339364,
    85.84810048831424,
    85.8051042658395,
    85.7375387733792,
    85.65768864592611,
    85.7283252971346,
    85.77439267835754,
    85.88495439329259,
    85.84502932956605,
    86.10607782316268,
    85.92795061576733,
    85.92487945701913,
    86.00165842572403,
    86.2258530143423,
    86.24735112557968,
    86.08150855317712,
    86.07536623568072,
    86.23813764933509,
    86.23813764933509,
    86.25349344307607,
    86.50532846042812,
    86.26577807806885,
    86.3026319830472,
    86.25963576057246,
    86.35484168176653,
    86.14600288688922,
    86.22278185559412,
    86.32413009428457,
    86.21356837934952,
    86.34869936427013,
    86.19207026811216,
    86.29648966555081,
    86.31798777678819,
    86.34562820552195,
    86.25349344307607,
    86.27192039556525,
    86.3026319830472,
    86.46540339670157,
    86.13064709314824,
    86.3057031417954,
    86.46233223795338,
    86.45618992045699,
    86.29034734805442,
    86.29956082429901,
    86.49611498418354,
    86.63124596910414,
    86.48997266668714,
    86.34562820552195,
    86.25349344307607,
    86.5851785878812,
    86.41012253923405,
    86.4500476029606,
    86.4469764442124,
    86.21049722060133,
    86.33641472927735,
    86.43776296796781,
    86.42854949172323,
    86.57596511163662,
    86.32413009428457,
    86.51147077792452,
    86.27806271306164,
    86.48690150793894,
    86.4469764442124,
    86.41319369798225,
    86.38248211050029,
    86.4531187617088,
    86.37326863425571,
    86.32413009428457,
    86.48690150793894,
    86.38248211050029,
    86.4531187617088,
    86.43776296796781,
    86.41319369798225,
    86.47154571419797,
    86.39169558674487,
    86.68038450907527,
    86.36405515801111,
    86.39476674549307,
    86.27499155431344,
    86.5176130954209,
    86.34562820552195,
    86.47154571419797
  ]
}