{
  "losses": [
    0.3858821995278239,
    0.3464748050966291,
    0.34040528073292114,
    0.33539365375440106,
    0.3298098915540165,
    0.3266962856229958,
    0.3231537870272321,
    0.32005183242100393,
    0.3192032257237697,
    0.31612615907941677,
    0.3176892108278448,
    0.31552015767526065,
    0.31298553956076064,
    0.31191108069128276,
    0.31157068158765205,
    0.31165378654928244,
    0.30973637756143196,
    0.3094360624130793,
    0.3105579052405882,
    0.3084450435105616,
    0.3068795337145947,
    0.3056138343889493,
    0.30624075818711743,
    0.30597106797697504,
    0.30630333665282644,
    0.30390209587536066,
    0.30358268649176434,
    0.3019415286162864,
    0.30330257117016374,
    0.30280224105054127,
    0.2970889329412597,
    0.2978318837454839,
    0.29606013633823114,
    0.29789788985152843,
    0.2972914506342767,
    0.2949668562555711,
    0.2947215447769535,
    0.2964602316453438,
    0.29790078450455415,
    0.2953786484619021,
    0.2946652170702493,
    0.2941469444595058,
    0.29463599472213353,
    0.295835273753859,
    0.2946496173841897,
    0.29504994563538806,
    0.2937533880541859,
    0.2923824558352909,
    0.294737016829737,
    0.2928413076871505,
    0.29303796045584624,
    0.29289683989433973,
    0.29093428271546345,
    0.29174487922186937,
    0.29302962177775227,
    0.2934482207554731,
    0.29163940479953304,
    0.2908228941276406,
    0.29176048928604614,
    0.2902388193210942,
    0.289164469546267,
    0.2912765079212681,
    0.29151745850480143,
    0.29267073009887706,
    0.29322156171023495,
    0.29051780948060435,
    0.2907258626988454,
    0.2908948070217795,
    0.2913089397057803,
    0.29099622840877837,
    0.29192906809140046,
    0.2942679598049237,
    0.2924860769513197,
    0.29095637589722345,
    0.29254949310966466,
    0.2886295474494838,
    0.2890946577231753,
    0.293081157546205,
    0.29006174343596036,
    0.2913613415127419,
    0.2899333065071954,
    0.2910356902918085,
    0.2901028789257839,
    0.2903451890060733,
    0.2919808415611858,
    0.29131957774429285,
    0.29070560462143424,
    0.2905761403981267,
    0.28947031587977073,
    0.29172597801375016,
    0.2912291002941038,
    0.2888030359239733,
    0.2896059057684451,
    0.29204369984816003,
    0.2925388214410757,
    0.2899661954704577,
    0.2895197418970303,
    0.293202556764857,
    0.291997795547624,
    0.2928255241664313
  ],
  "accuracies": [
    81.54847824084027,
    83.60615460213138,
    83.882558889469,
    84.14360738306563,
    84.68413132274807,
    85.05574153127975,
    85.17858788120758,
    85.22158410368232,
    85.12023586499186,
    85.29836307238722,
    85.44270753355241,
    85.31986118362458,
    85.60240778845859,
    85.55019808973925,
    85.67918675716348,
    85.57169620097663,
    85.76517920211296,
    85.734467614631,
    85.8051042658395,
    85.72218297963822,
    85.74368109087558,
    85.78053499585394,
    85.78974847209852,
    85.86652744080341,
    85.92795061576733,
    86.01701421946501,
    85.99551610822763,
    85.99858726697583,
    85.90338134578177,
    86.00472958447222,
    86.31491661803999,
    86.06001044193974,
    86.27806271306164,
    86.25963576057246,
    86.15521636313382,
    86.32720125303277,
    86.2258530143423,
    86.21356837934952,
    86.35791284051473,
    86.21356837934952,
    86.2319953318387,
    86.42240717422683,
    86.21663953809772,
    86.0876508706735,
    86.36098399926293,
    86.35791284051473,
    86.34255704677375,
    86.43162065047142,
    86.2289241730905,
    86.41319369798225,
    86.37019747550751,
    86.37019747550751,
    86.51147077792452,
    86.48997266668714,
    86.30877430054359,
    86.45618992045699,
    86.42547833297503,
    86.5206842541691,
    86.18285679186756,
    86.4531187617088,
    86.55446700039926,
    86.34255704677375,
    86.3057031417954,
    86.40398022173765,
    86.44390528546421,
    86.37019747550751,
    86.30877430054359,
    86.5206842541691,
    86.55753815914744,
    86.37019747550751,
    86.51147077792452,
    86.18899910936396,
    86.26884923681705,
    86.42547833297503,
    86.41933601547863,
    86.67731335032708,
    86.48690150793894,
    86.25963576057246,
    86.39476674549307,
    86.56368047664384,
    86.48075919044255,
    86.41626485673045,
    86.48075919044255,
    86.38248211050029,
    86.5145419366727,
    86.53296888916188,
    86.48075919044255,
    86.62817481035594,
    86.49918614293173,
    86.25349344307607,
    86.40090906298947,
    86.46233223795338,
    86.60667669911858,
    86.40090906298947,
    86.54832468290286,
    86.56060931789564,
    86.44390528546421,
    86.26577807806885,
    86.31491661803999,
    86.3057031417954
  ]
}