{
  "losses": [
    0.39066204879687166,
    0.35105270297661734,
    0.3421541593312981,
    0.3350153886422913,
    0.3313689158766961,
    0.32800313669720227,
    0.324071859865349,
    0.32246773264764206,
    0.3208602543415467,
    0.3165749764377592,
    0.3181111111308418,
    0.31469216168988,
    0.31374901830855273,
    0.3154587094496077,
    0.31312258134049786,
    0.3124777106780091,
    0.30932407829133035,
    0.31045442814436675,
    0.3078254391425441,
    0.3117881286686653,
    0.30866450538562146,
    0.30921705187280857,
    0.30759034993386764,
    0.30771910348348874,
    0.3056701242953215,
    0.30419874272348857,
    0.3061389330881404,
    0.30304885849459823,
    0.3030944634542149,
    0.3062871061818182,
    0.29835050592141854,
    0.2973135851330974,
    0.29713144614688247,
    0.2976340987119901,
    0.2964320312872249,
    0.2947988279539683,
    0.2955081756535317,
    0.2968759368791896,
    0.29439293361765456,
    0.2944934028841032,
    0.29494489057304596,
    0.29527801185345204,
    0.29391433115823806,
    0.2927746010463386,
    0.2934349577958695,
    0.294428883700767,
    0.29367995318154316,
    0.29391565955770005,
    0.29442605169897146,
    0.29242308546893087,
    0.29198626608658734,
    0.29432756218664957,
    0.29224787430670096,
    0.29343897020987775,
    0.2929536185930202,
    0.2930153578107128,
    0.2926540992026513,
    0.290215869648815,
    0.29299099531861134,
    0.2909094007901339,
    0.29230903220960813,
    0.29234033463380926,
    0.2908784726710159,
    0.29156668246175604,
    0.2908379356022169,
    0.2910674820947954,
    0.2918581611649101,
    0.2937870435527241,
    0.29158476797604066,
    0.2927209256929884,
    0.2916797526350243,
    0.2924441602357417,
    0.289869036433369,
    0.2904411135232177,
    0.29093092827367734,
    0.2933823415230219,
    0.29009620996392915,
    0.29098845908508575,
    0.29169605791745623,
    0.2897529438005357,
    0.29034393041235285,
    0.28996244693427364,
    0.29082005128308647,
    0.29137857509620346,
    0.288898290692286,
    0.29236496090299413,
    0.2946732902473795,
    0.2919504878089996,
    0.2921553486193559,
    0.29023534324090156,
    0.2918162233132637,
    0.29199817940283246,
    0.2921077275960075,
    0.29195842273629147,
    0.29056271058751376,
    0.29243279145302803,
    0.29107951958738376,
    0.2911846908776626,
    0.29154465183925204,
    0.29251020454039794
  ],
  "accuracies": [
    81.24516747595337,
    83.26168311013515,
    83.75344075712121,
    84.28231218878545,
    84.46478829678657,
    84.73077042031362,
    85.06170166702749,
    85.00293817462035,
    85.17304302106207,
    85.02149506695946,
    85.23180651346921,
    85.47923174465716,
    85.35861194445303,
    85.35242631367333,
    85.68335756038722,
    85.45758203692822,
    85.73593542201466,
    85.72665697584512,
    85.82253425293044,
    85.61840843720039,
    85.68335756038722,
    85.73593542201466,
    85.769956391303,
    85.82253425293044,
    85.85964803760864,
    85.82871988371014,
    85.90294745306653,
    85.8441839606594,
    86.02356725327066,
    85.82253425293044,
    86.10398045340673,
    86.12563016113567,
    86.18748646893268,
    86.19057928432252,
    86.20913617666162,
    86.21841462283116,
    86.18130083815296,
    86.3019206383571,
    86.29264219218754,
    86.25243559211951,
    86.43800451551047,
    86.15037268425448,
    86.13800142269508,
    86.39161228466273,
    86.43181888473077,
    86.16274394581387,
    86.32666316147589,
    86.11944453035598,
    86.23078588439056,
    86.509139269477,
    86.39161228466273,
    86.21222899205146,
    86.41016917700182,
    86.41635480778152,
    86.49676800791761,
    86.23078588439056,
    86.42563325395108,
    86.40707636161197,
    86.4720254847988,
    86.58336683883338,
    86.2709924844586,
    86.41016917700182,
    86.37305539232364,
    86.40089073083227,
    86.48130393096837,
    86.32357034608604,
    86.37614820771348,
    86.46274703862926,
    86.45965422323941,
    86.36068413076424,
    86.36686976154394,
    86.46583985401911,
    86.41944762317138,
    86.50604645408715,
    86.47511830018867,
    86.36377694615409,
    86.49367519252776,
    86.34831286920483,
    86.40707636161197,
    86.36686976154394,
    86.43491170012062,
    86.38542665388303,
    86.36377694615409,
    86.45965422323941,
    86.54934586954505,
    86.37305539232364,
    86.283363746018,
    86.2895493767977,
    86.44728296168002,
    86.37305539232364,
    86.35449849998453,
    86.46274703862926,
    86.44419014629017,
    86.48439674635821,
    86.45346859245971,
    86.5276961618161,
    86.49986082330746,
    86.42872606934093,
    86.51841771564655,
    86.44109733090032
  ]
}