{
  "losses": [
    0.3845473846418803,
    0.3477245803874513,
    0.3385444161004058,
    0.3372161119557276,
    0.3313348630238711,
    0.3261905844911977,
    0.32326473706907616,
    0.32289948545094177,
    0.32028068809905463,
    0.31843204956232735,
    0.3156859978045955,
    0.31461127128905286,
    0.31321051304111613,
    0.3125000019308132,
    0.31494926676728957,
    0.3126634276305297,
    0.3117480267403034,
    0.3098901790501338,
    0.30921019843671727,
    0.30669867321775174,
    0.307387673396444,
    0.3060341822213754,
    0.30748998227830454,
    0.30680596496095525,
    0.3067275578585388,
    0.304844977977132,
    0.30317911276507215,
    0.3027891548669185,
    0.30329470595107233,
    0.30500125204066497,
    0.29791544147874904,
    0.2964200051879081,
    0.29904493150088485,
    0.29695739957451467,
    0.2977079040528405,
    0.2946946261750956,
    0.2971908937546431,
    0.29727436262380946,
    0.2971466773002603,
    0.29483202001785547,
    0.2954321944778444,
    0.2920244679621372,
    0.29329427398011665,
    0.29369818366157546,
    0.292442963883266,
    0.2941545051707712,
    0.29361600016126765,
    0.29425587340761955,
    0.29100165287683083,
    0.29425866560665953,
    0.29471549096228933,
    0.2926827662879588,
    0.29320708831770365,
    0.292960760376161,
    0.2922844075322387,
    0.2938716215708843,
    0.2936721409419524,
    0.2923039345975328,
    0.29369066392544113,
    0.29182196837416036,
    0.2917004154901123,
    0.2917200831878787,
    0.29232831531444714,
    0.29146623441582853,
    0.2922292469708667,
    0.2931484566185288,
    0.2917154480276664,
    0.2908940691165589,
    0.2908285486002468,
    0.2920781250169794,
    0.292419273667885,
    0.29205970360752853,
    0.2915637252813631,
    0.29226663836916406,
    0.29085564224968796,
    0.29104036180455417,
    0.2910440628859928,
    0.2917278914700394,
    0.29176841879633836,
    0.29047702691351035,
    0.29187272587822405,
    0.29134049100025705,
    0.29270975107491076,
    0.29147124083382914,
    0.2910774286862179,
    0.2917032634469097,
    0.2898953737125434,
    0.2914258907194425,
    0.2910048526543184,
    0.2920452181902059,
    0.29220696230640986,
    0.28928657433222593,
    0.29170545612846,
    0.29127505460696923,
    0.2903297666744002,
    0.2901297425731471,
    0.29150035573514116,
    0.2939236476560493,
    0.2908699696130026,
    0.2917503305332243
  ],
  "accuracies": [
    81.63486221507438,
    83.5400364952216,
    84.21117743481892,
    84.25138403488695,
    84.60396498932978,
    84.94726749760306,
    84.97819565150157,
    85.11737234404478,
    85.12665079021433,
    85.19159991340116,
    85.37098320601244,
    85.52253116011505,
    85.544180867844,
    85.46376766770791,
    85.61222280642069,
    85.61531562181054,
    85.81016299137104,
    85.82871988371014,
    85.76067794513345,
    85.7761420220827,
    85.72356416045527,
    85.84727677604924,
    85.7885132836421,
    85.81944143754059,
    85.83490551448985,
    86.09779482262704,
    85.85346240682894,
    86.02356725327066,
    85.87820492994773,
    85.94006123774471,
    86.20604336127177,
    86.14727986886463,
    86.19057928432252,
    86.09470200723719,
    86.16892957659357,
    86.2771781152383,
    86.15037268425448,
    86.27408529984845,
    86.12872297652554,
    86.31738471530635,
    86.2709924844586,
    86.43181888473077,
    86.42563325395108,
    86.35449849998453,
    86.31119908452665,
    86.17202239198342,
    86.37924102310333,
    86.18130083815296,
    86.509139269477,
    86.15655831503418,
    86.44419014629017,
    86.3019206383571,
    86.45965422323941,
    86.509139269477,
    86.33284879225559,
    86.36068413076424,
    86.25552840750936,
    86.34522005381498,
    86.3142918999165,
    86.36377694615409,
    86.61738780812173,
    86.32975597686574,
    86.38233383849318,
    86.43491170012062,
    86.52460334642625,
    86.36377694615409,
    86.38542665388303,
    86.35140568459468,
    86.51841771564655,
    86.40089073083227,
    86.52460334642625,
    86.38233383849318,
    86.54316023876535,
    86.41326199239167,
    86.509139269477,
    86.5524386849349,
    86.43491170012062,
    86.55553150032475,
    86.41016917700182,
    86.43491170012062,
    86.45346859245971,
    86.33903442303529,
    86.41635480778152,
    86.5462530541552,
    86.66378003896948,
    86.41016917700182,
    86.59883091578264,
    86.59883091578264,
    86.54316023876535,
    86.56171713110444,
    86.43491170012062,
    86.54316023876535,
    86.53078897720594,
    86.51223208486685,
    86.3019206383571,
    86.5648099464943,
    86.40707636161197,
    86.35140568459468,
    86.44419014629017,
    86.5029536386973
  ]
}