{
  "losses": [
    0.3860465311075422,
    0.3479662275969861,
    0.33804286703801206,
    0.33418356713719377,
    0.3321734870008199,
    0.32765560239067876,
    0.3242241335224717,
    0.31994780181867283,
    0.3185538567390194,
    0.31899940110211944,
    0.31924636718151284,
    0.3167483206770085,
    0.3161036513457473,
    0.31541403100774634,
    0.3149000139652833,
    0.31369500109535126,
    0.313594352757433,
    0.3114856190888435,
    0.31188104119599475,
    0.3095398147091603,
    0.3101457584110637,
    0.3069937340915203,
    0.30719411491497955,
    0.30881191186925544,
    0.30802554122026243,
    0.3075845041094147,
    0.3069449118404913,
    0.305812940676744,
    0.3054399078222496,
    0.30220224662795814,
    0.303553000782937,
    0.29858143812770027,
    0.3000591771483664,
    0.29815842820494576,
    0.2984803477700519,
    0.2979286629592814,
    0.29978408923945454,
    0.295751913676376,
    0.29846335378477384,
    0.29599521558754555,
    0.2990138516391489,
    0.29619403493774643,
    0.2979581683509947,
    0.29658911490998785,
    0.2972309104870633,
    0.29673034097627565,
    0.2959202658574717,
    0.29566706181361574,
    0.29362161478023907,
    0.29539300779036254,
    0.29400274482254096,
    0.29639841079742263,
    0.2947367783294433,
    0.2957529648910836,
    0.2958045636593931,
    0.2943650998721419,
    0.2944396134397648,
    0.29312827789401086,
    0.2944173136927081,
    0.29415572106898924,
    0.2935919243607162,
    0.2938311509863908,
    0.2937204193953584,
    0.29503968498402117,
    0.2939000126133747,
    0.2951456447361443,
    0.29401955340823915,
    0.2937129302872174,
    0.2934715913460721,
    0.29478194282338965,
    0.2950726187277714,
    0.2923721804562387,
    0.2935890558113149,
    0.2929182799339537,
    0.29726377211495963,
    0.29444241151213646,
    0.2930021925000455,
    0.29422992752398347,
    0.29428991651098013,
    0.2951150743059374,
    0.2924809042371946,
    0.2941446473362975,
    0.2928583586622644,
    0.2946774851599075,
    0.2934325794611589,
    0.2923937937332025,
    0.2928927866798918,
    0.29318333087136206,
    0.29290764715879125,
    0.2917597627460714,
    0.2952609713323976,
    0.2908988203967176,
    0.29269901197213993,
    0.2926272241865302,
    0.29371226305054793,
    0.29493629701754226,
    0.29384397020347247,
    0.29328032713497243,
    0.29318535570700155,
    0.29243978974836177
  ],
  "accuracies": [
    81.28003564495083,
    83.50784507176729,
    84.02342382483053,
    84.46262054040291,
    84.44670761592566,
    84.60583686069826,
    85.0418509913752,
    85.24235383978868,
    85.27099710384775,
    85.29327519811591,
    85.18824989656599,
    85.26781451895229,
    85.23917125489322,
    85.33464880175679,
    85.52242131058846,
    85.37920499029312,
    85.44603927309761,
    85.56379491422933,
    85.652907291302,
    85.62108144234747,
    85.77066293243372,
    85.7993061964928,
    85.57016008402024,
    85.64017695172019,
    85.63062919703383,
    85.69746347983832,
    85.64017695172019,
    85.88205340377455,
    85.78975844180644,
    85.92342700741543,
    85.69428089494288,
    86.08573883708348,
    86.09210400687438,
    86.02845230896534,
    86.0316348938608,
    86.11438210114255,
    86.02208713917443,
    86.1907641386334,
    86.15893828967887,
    86.251233251647,
    86.00617421469718,
    86.1907641386334,
    86.3626237229878,
    86.27351134591515,
    86.06346074281531,
    86.0316348938608,
    86.24168549696063,
    86.34671079851056,
    86.35625855319691,
    86.33398045892874,
    86.349893383406,
    86.16530345946978,
    86.13666019541071,
    86.43264059068775,
    86.13347761051526,
    86.29897202507877,
    86.29897202507877,
    86.39126698704688,
    86.09210400687438,
    86.14302536520162,
    86.37853664746507,
    86.4294580057923,
    86.19394672352885,
    86.23532032716973,
    86.2703287610197,
    86.29578944018331,
    86.2830591006015,
    86.49310970370135,
    86.26078100633335,
    86.349893383406,
    86.18758155373794,
    86.40717991152414,
    86.45810126985137,
    86.39763215683779,
    86.24486808185608,
    86.22577257248336,
    86.32125011934693,
    86.23532032716973,
    86.27351134591515,
    86.35307596830145,
    86.47401419432863,
    86.32443270424238,
    86.35307596830145,
    86.26078100633335,
    86.37853664746507,
    86.31488494955603,
    86.41672766621049,
    86.31170236466058,
    86.49629228859679,
    86.27351134591515,
    86.22577257248336,
    86.45491868495593,
    86.27351134591515,
    86.4230928360014,
    86.2830591006015,
    86.13666019541071,
    86.34671079851056,
    86.28942427039242,
    86.34671079851056,
    86.40399732662868
  ]
}