{
  "losses": [
    0.3812281281939592,
    0.3489088173766,
    0.34106982984938594,
    0.3361399034284768,
    0.3315180454046566,
    0.32825791098314,
    0.3250545446444189,
    0.3217158471585048,
    0.3207110868740349,
    0.3202217685593607,
    0.31872611638545506,
    0.31752948962197525,
    0.31493127732983434,
    0.31369400739123526,
    0.31309548585605473,
    0.3139310407162077,
    0.3129081636090628,
    0.3122682701530743,
    0.31000013075875166,
    0.30894339300859,
    0.31026383760231574,
    0.3088015142805465,
    0.30850483244190147,
    0.3071719737621043,
    0.30733199790120125,
    0.3081144247120607,
    0.3064681521243209,
    0.30594451569187664,
    0.30713120775103814,
    0.3039708473471177,
    0.3017051690039955,
    0.3006884571764231,
    0.29838632475850296,
    0.29847027392500286,
    0.29932507427974536,
    0.29690920735297766,
    0.2976061429623552,
    0.2979378531594019,
    0.29673135881511353,
    0.2975987722972017,
    0.29756194609549286,
    0.29759174576996544,
    0.2971928630957414,
    0.29726719750800834,
    0.2952167758691578,
    0.2963654709384301,
    0.29482418165187485,
    0.29561001465270814,
    0.29545715064295924,
    0.29367688390788627,
    0.29514511152646694,
    0.2964434809451676,
    0.29470299792811727,
    0.2946843900044435,
    0.2959680871283085,
    0.29454204708701964,
    0.2943472808450764,
    0.2961971011930838,
    0.2938285226461358,
    0.29244646776748284,
    0.29172652924164005,
    0.2931977932373642,
    0.2930775242961958,
    0.2921656151880679,
    0.293607417767196,
    0.29331692860531955,
    0.2945887646021401,
    0.29332184370478154,
    0.2923250934317738,
    0.29245175253561945,
    0.29333347961488665,
    0.29372011543139664,
    0.29360284009102405,
    0.2943891628651051,
    0.2921731166405008,
    0.29366503888835976,
    0.29333614938856384,
    0.29249733008914713,
    0.29237294641689465,
    0.29307929823239565,
    0.2926939220268226,
    0.2933847188206044,
    0.2926113391617529,
    0.29181961628727904,
    0.2921062853422524,
    0.2919842254317341,
    0.29320894990518476,
    0.2931033685621322,
    0.2930561746043853,
    0.29213074238898795,
    0.29354964929600597,
    0.29343719477717845,
    0.2944526684882078,
    0.2924277944501694,
    0.2934769417127014,
    0.2918928696749288,
    0.2931540085879096,
    0.29235704162000636,
    0.2928203706252114,
    0.29367846559331034
  ],
  "accuracies": [
    81.68422392667324,
    83.6733394863308,
    84.00114573056236,
    84.23983959772127,
    84.6631233888164,
    84.77133127526177,
    84.86044365233442,
    85.08004201012062,
    84.96546895388434,
    85.20734540593871,
    85.30918812259317,
    85.23917125489322,
    85.420578593934,
    85.40466566945673,
    85.38238757518857,
    85.31237070748863,
    85.55742974443844,
    85.5065083861112,
    85.60198593297476,
    85.68791572515197,
    85.52560389548391,
    85.71655898921104,
    85.68155055536107,
    85.79294102670188,
    85.78339327201553,
    85.81521912097006,
    85.91069666783362,
    85.69428089494288,
    85.78021068712007,
    85.90433149804271,
    86.06346074281531,
    86.03481747875625,
    85.99026129021992,
    86.14302536520162,
    86.06346074281531,
    86.21304223290156,
    86.14620795009706,
    86.17803379905159,
    86.28942427039242,
    86.14939053499252,
    86.15257311988798,
    86.27987651570605,
    86.14620795009706,
    86.16530345946978,
    86.16212087457433,
    86.09846917666529,
    86.26078100633335,
    86.1302950256198,
    86.18758155373794,
    86.2639635912288,
    86.22895515737882,
    86.20031189331975,
    86.38171923236052,
    86.38490181725598,
    86.37853664746507,
    86.39444957194233,
    86.38490181725598,
    86.00617421469718,
    86.2830591006015,
    86.3435282136151,
    86.39444957194233,
    86.30215460997422,
    86.29897202507877,
    86.35307596830145,
    86.22258998758792,
    86.21940740269247,
    86.18439896884249,
    86.20031189331975,
    86.37535406256961,
    86.4103624964196,
    86.41354508131505,
    86.28624168549696,
    86.50902262817861,
    86.28942427039242,
    86.4103624964196,
    86.21304223290156,
    86.17166862926068,
    86.41991025110595,
    86.29578944018331,
    86.24486808185608,
    86.36580630788326,
    86.31806753445149,
    86.30533719486968,
    86.43264059068775,
    86.60131759014672,
    86.30215460997422,
    86.31170236466058,
    86.43582317558321,
    86.36898889277872,
    86.22895515737882,
    86.21304223290156,
    86.24805066675154,
    86.349893383406,
    86.4294580057923,
    86.15893828967887,
    86.35944113809236,
    86.29578944018331,
    86.2703287610197,
    86.36580630788326,
    86.29260685528787
  ]
}