{
  "losses": [
    0.38440353563102103,
    0.34916314488667305,
    0.3409318205047634,
    0.3362047556141315,
    0.3278151686595699,
    0.3281667584342249,
    0.32547043893138766,
    0.3213708330816407,
    0.31936975140330065,
    0.31955067432273476,
    0.3180262657665202,
    0.31760828861352075,
    0.31775557947762634,
    0.3149982977325962,
    0.3149502767154661,
    0.3145246164819063,
    0.3140559232566756,
    0.31220347067358023,
    0.30919684500339156,
    0.3098032793017065,
    0.31011814389418935,
    0.30904486780629353,
    0.30952771702256343,
    0.30841195960729983,
    0.3067710058784174,
    0.30570178647846014,
    0.30636557566007616,
    0.3075776553097197,
    0.30605510481770565,
    0.3050917628162364,
    0.3013706090173487,
    0.2975516479197094,
    0.29910480957422236,
    0.2979948174660519,
    0.29657429063631036,
    0.2974320524927965,
    0.297103281589664,
    0.296728531375094,
    0.29530332953395433,
    0.2966618043563909,
    0.2955484509602593,
    0.2962758062013174,
    0.29606960364126994,
    0.29844341772340366,
    0.29844862096377817,
    0.2954612934257585,
    0.29777367915229547,
    0.29656373953060017,
    0.2950919247797523,
    0.296275351162899,
    0.29558719398683625,
    0.2951479355020891,
    0.295929362109994,
    0.29322187819984274,
    0.29586418193495023,
    0.2971922752999494,
    0.2936143765754721,
    0.29580349895127916,
    0.2933539925899764,
    0.29387133379458424,
    0.29302261183888406,
    0.29429038736591845,
    0.2925094999186134,
    0.2927945970502517,
    0.29311599687802997,
    0.29129981468529736,
    0.2943188663994297,
    0.2947021467889563,
    0.29497252704357074,
    0.2914836173027066,
    0.29326877345442176,
    0.29187763580228526,
    0.2956712001798265,
    0.2933148044042865,
    0.2923460730548608,
    0.2923541445146831,
    0.2924451398903293,
    0.29501276781619973,
    0.29462616549152787,
    0.29285053500051844,
    0.2926991100730365,
    0.29324259368353406,
    0.292244682198721,
    0.29123674632015534,
    0.2938401196357479,
    0.29216851548869965,
    0.29178988804280337,
    0.29423280543047065,
    0.29200837494377624,
    0.29338012847193745,
    0.2931968553389685,
    0.2946417756759774,
    0.2939949562565733,
    0.29334584713998507,
    0.29223952700973393,
    0.29565076527737805,
    0.2927679797800757,
    0.2922189085928344,
    0.29170143917397245,
    0.2939724532089597
  ],
  "accuracies": [
    81.84270790852338,
    83.48652633560248,
    84.00100385858143,
    84.22687203940144,
    84.69743074944317,
    84.76017191078206,
    84.90133952379459,
    85.05505536907488,
    85.12407064654766,
    85.07701477554349,
    85.30602001443047,
    85.42522822097438,
    85.30602001443047,
    85.49110644038021,
    85.48483232424633,
    85.35621294350159,
    85.37503529190326,
    85.84245694387803,
    85.86755340841358,
    85.7075634469994,
    85.55384760171911,
    85.80794930514163,
    85.81736047934247,
    85.74834520186968,
    85.68560404053079,
    85.77344166640525,
    85.8048122470747,
    85.76089343413747,
    85.88010164068137,
    85.83931988581108,
    86.04636571822944,
    86.14675157637168,
    85.95539103428804,
    86.20635567964364,
    86.20635567964364,
    86.17184804090724,
    86.12792922797001,
    86.1624368667064,
    86.23458920224613,
    86.27537095711642,
    86.23458920224613,
    86.24713743451392,
    86.10596982150139,
    86.20321862157668,
    86.04950277629639,
    86.32556388618754,
    86.0369545440286,
    86.20321862157668,
    86.28478213131726,
    86.12792922797001,
    86.31928977005364,
    86.2251780280453,
    86.16557392477334,
    86.15929980863946,
    86.32870094425448,
    86.09655864730057,
    86.25968566678169,
    86.42281268626282,
    86.43222386046365,
    86.413401512062,
    86.29105624745114,
    86.17498509897418,
    86.32870094425448,
    86.25027449258086,
    86.28478213131726,
    86.23458920224613,
    86.35693446685698,
    86.27537095711642,
    86.21576685384447,
    86.36007152492392,
    86.24400037644696,
    86.34752329265615,
    86.25968566678169,
    86.24400037644696,
    86.413401512062,
    86.33183800232142,
    86.30046742165197,
    86.13734040217085,
    86.30360447971891,
    86.19380744737585,
    86.32870094425448,
    86.3161527119867,
    86.2251780280453,
    86.50123913793644,
    86.45418326693228,
    86.47614267340089,
    86.57025441540922,
    86.15929980863946,
    86.55770618314145,
    86.35693446685698,
    86.46986855726699,
    86.2534115506478,
    86.32242682812058,
    86.39144210559337,
    86.57966558961006,
    86.27537095711642,
    86.43849797659755,
    86.3726197571917,
    86.26595978291559,
    86.32242682812058
  ]
}