{
  "losses": [
    0.3942050447943457,
    0.3520185111189558,
    0.3446993467471784,
    0.3358112558229278,
    0.33248075723289366,
    0.32814156301431696,
    0.3263321364804759,
    0.3220938844092512,
    0.32111232171027565,
    0.3182108273567144,
    0.3177806651714812,
    0.3172876439248786,
    0.31614142684723695,
    0.3144182121099058,
    0.3128983774852968,
    0.3130314067275139,
    0.3106351151628982,
    0.31086445847150673,
    0.3124514726796743,
    0.3104523434532562,
    0.30981869834177234,
    0.3079239933666518,
    0.30853931155194014,
    0.3075975607090453,
    0.30701221549582697,
    0.30817082270217633,
    0.3051555883382244,
    0.3056577391391891,
    0.3029134679462391,
    0.3056448234792578,
    0.29899884003364935,
    0.29767635664944664,
    0.2990350133572203,
    0.29685660107892636,
    0.29875432599780555,
    0.2984207931797626,
    0.29823109834878114,
    0.2953539095901199,
    0.29593983039992267,
    0.296975387942229,
    0.2982283758752444,
    0.2962368520176638,
    0.2946989847236914,
    0.2975897917312868,
    0.29541796432395157,
    0.29534793935843195,
    0.2960010556020254,
    0.2946022275980999,
    0.2959406317371423,
    0.29373212253587055,
    0.29604082149542205,
    0.2939755625223205,
    0.29448634823980396,
    0.29431086642632154,
    0.2926710693982085,
    0.29437347952138215,
    0.2956924104732401,
    0.2934772506161941,
    0.2943586142305864,
    0.29356263740102173,
    0.2919464335742303,
    0.2936824302645839,
    0.2934789093605494,
    0.2936526655762222,
    0.29219365498815164,
    0.2927708427310588,
    0.29292219634370553,
    0.2951034311291088,
    0.2933060412959326,
    0.2932926477451501,
    0.29207070404990626,
    0.29431070971752005,
    0.2949402060213993,
    0.29333298950789566,
    0.29280410139048946,
    0.2942090711688087,
    0.29178707735797943,
    0.2914961863574436,
    0.2919791615610137,
    0.2926248693119439,
    0.2913894901199709,
    0.292439636870576,
    0.2937454916275253,
    0.29149596046361187,
    0.29276848851946913,
    0.29299971236358796,
    0.29319059561822214,
    0.2909528120246192,
    0.29232918125845364,
    0.2920772919847949,
    0.2940372970317646,
    0.2920535205897979,
    0.2932571738719223,
    0.2938733014054858,
    0.2918822490717607,
    0.2940777063429535,
    0.2931589256363025,
    0.29389167568060676,
    0.29067442817996475,
    0.29125462231574695
  ],
  "accuracies": [
    81.03020986918467,
    83.32653637418828,
    83.69043510995388,
    84.36490259434701,
    84.37431376854785,
    84.77899425918373,
    84.79467954951846,
    84.94212127866487,
    85.17740063368574,
    85.2871976660288,
    85.33111647896602,
    85.3844464661041,
    85.33739059509992,
    85.53502525331744,
    85.560121717853,
    85.49424349844716,
    85.7357969696019,
    85.55384760171911,
    85.36248705963547,
    85.4628729177777,
    85.76716755027135,
    85.97107632462277,
    85.55698465978605,
    85.69815227279857,
    85.78285284060608,
    85.60404053079023,
    86.0432286601625,
    85.88010164068137,
    85.89578693101609,
    85.88323869874831,
    86.12479216990306,
    86.1969445054428,
    86.03381748596166,
    86.20949273771058,
    85.93343162781943,
    86.10596982150139,
    86.17498509897418,
    86.17184804090724,
    85.97421338268971,
    86.26909684098253,
    86.17812215704113,
    86.13106628603695,
    86.42594974432977,
    86.15616275057252,
    86.18753333124197,
    86.1969445054428,
    86.28478213131726,
    86.20949273771058,
    86.02440631176083,
    86.04950277629639,
    86.36948269912476,
    86.1906703893089,
    86.3788938733256,
    86.22831508611225,
    86.42908680239671,
    86.25968566678169,
    86.20321862157668,
    86.22831508611225,
    86.27850801518336,
    86.20949273771058,
    86.51065031213727,
    86.22204096997835,
    86.32556388618754,
    86.45418326693228,
    86.35693446685698,
    86.2534115506478,
    86.32242682812058,
    86.19380744737585,
    86.14361451830473,
    86.40399033786116,
    86.54515795087367,
    86.38516798945949,
    86.40399033786116,
    86.27537095711642,
    86.44790915079838,
    86.33811211845531,
    86.47614267340089,
    86.36948269912476,
    86.47614267340089,
    86.29105624745114,
    86.23145214417919,
    86.29733036358503,
    86.4353609185306,
    86.48241678953478,
    86.39771622172726,
    86.4071273959281,
    86.24713743451392,
    86.42908680239671,
    86.29733036358503,
    86.36948269912476,
    86.36634564105782,
    86.41653857012894,
    86.29733036358503,
    86.23458920224613,
    86.39457916366032,
    86.46673149920005,
    86.35379740879004,
    86.36320858299086,
    86.5326097186059,
    86.57652853154312
  ]
}