{
  "losses": [
    0.38980542418998915,
    0.3473541441946226,
    0.33862732939261114,
    0.33203050259991107,
    0.328244661198735,
    0.32542295496332624,
    0.3247343164910736,
    0.31871685382776505,
    0.31743481556184167,
    0.31747985016444813,
    0.3149149563741707,
    0.3139520980900772,
    0.3138785177662471,
    0.31331158230311745,
    0.31227723428566,
    0.3112259867339448,
    0.30882475058930564,
    0.3095458789576716,
    0.3086584052894345,
    0.3076468910838977,
    0.3080876809791872,
    0.3054591757931503,
    0.3069889436389936,
    0.3042888751140044,
    0.3053509450951236,
    0.3046893980976172,
    0.30470152646449555,
    0.30430500532824306,
    0.30221610889570655,
    0.30352877176317344,
    0.296959145781392,
    0.29752356354842485,
    0.2974983366363643,
    0.29520071634550693,
    0.29660100475949014,
    0.296028760303917,
    0.2941919499184856,
    0.29416727871141873,
    0.29642108054959704,
    0.2946921031270725,
    0.29535123633407423,
    0.29411603885104476,
    0.29584655758498457,
    0.29529300914649176,
    0.29434823634904356,
    0.2932363172996723,
    0.2933495168835803,
    0.2934158491537941,
    0.29277919188200374,
    0.29225332382883445,
    0.29252866728776566,
    0.2932231004307804,
    0.2950558501473227,
    0.2933614501960151,
    0.294659134959308,
    0.29117360580090457,
    0.2929178712878574,
    0.29287191814869235,
    0.2934238596843127,
    0.2922127575911801,
    0.2904636487218392,
    0.29168546603798634,
    0.2902773442972737,
    0.2923229189263931,
    0.292575070440535,
    0.2909481538375492,
    0.2887427182264319,
    0.2907156777698071,
    0.2892599434304565,
    0.2913775059718397,
    0.29129134526216444,
    0.2906526219765775,
    0.2896006111868004,
    0.2908416715595132,
    0.289579775411277,
    0.2896046416727874,
    0.2897286569308087,
    0.29122722198663387,
    0.2894133617168325,
    0.29015657176905857,
    0.2902057677917256,
    0.29256774937415636,
    0.2918891412350541,
    0.29018549588170406,
    0.29041390204417916,
    0.29053064795807443,
    0.28858190197461014,
    0.2900195852258702,
    0.2906656167991386,
    0.2902256438988014,
    0.2898356464704268,
    0.29155961276271725,
    0.29413079905867107,
    0.29116773620716246,
    0.29173107770928464,
    0.29014147469711676,
    0.28923806610328745,
    0.2899052982084995,
    0.28985712079291026,
    0.29106874465356875
  ],
  "accuracies": [
    81.4532723196462,
    83.5877276496422,
    84.10982463683548,
    84.49679063910814,
    84.8039065139277,
    84.89911243512176,
    85.03424342004239,
    85.46113448604159,
    85.43963637480421,
    85.36285740609932,
    85.5993366297104,
    85.48570375602715,
    85.58090967722121,
    85.45499216854519,
    85.50413070851633,
    85.70068486840084,
    85.60547894720678,
    85.55634040723565,
    85.78053499585394,
    85.85731396455883,
    85.81124658333589,
    86.00780074322041,
    85.9494487270047,
    85.82967353582507,
    85.85424280581063,
    85.88802555204079,
    85.76825036086116,
    86.00472958447222,
    85.94330640950831,
    86.01394306071681,
    86.37941095175209,
    86.15214520438562,
    86.18285679186756,
    86.3057031417954,
    86.20128374435674,
    86.17671447437118,
    86.43162065047142,
    86.44083412671601,
    86.1675009981266,
    86.45618992045699,
    86.2258530143423,
    86.29341850680261,
    86.3057031417954,
    86.32105893553637,
    86.37019747550751,
    86.48997266668714,
    86.40705138048585,
    86.37326863425571,
    86.25656460182427,
    86.55446700039926,
    86.38248211050029,
    86.48383034919075,
    86.20128374435674,
    86.41933601547863,
    86.37019747550751,
    86.49304382543534,
    86.5268265716655,
    86.37941095175209,
    86.25349344307607,
    86.27806271306164,
    86.50839961917632,
    86.5206842541691,
    86.43162065047142,
    86.46540339670157,
    86.33334357052917,
    86.46847455544977,
    86.53604004791008,
    86.45618992045699,
    86.48075919044255,
    86.50839961917632,
    86.5206842541691,
    86.5176130954209,
    86.47461687294616,
    86.37326863425571,
    86.36405515801111,
    86.68959798531986,
    86.43776296796781,
    86.46233223795338,
    86.47461687294616,
    86.40398022173765,
    86.41933601547863,
    86.23813764933509,
    86.29341850680261,
    86.4500476029606,
    86.46540339670157,
    86.28727618930623,
    86.40705138048585,
    86.43469180921961,
    86.48383034919075,
    86.55753815914744,
    86.56060931789564,
    86.29341850680261,
    86.41012253923405,
    86.50532846042812,
    86.41319369798225,
    86.5882497466294,
    86.4469764442124,
    86.57903627038482,
    86.56060931789564,
    86.50532846042812
  ]
}