{
  "losses": [
    0.3858454305173606,
    0.34781346003175484,
    0.3372375579708217,
    0.3321578917340586,
    0.33044968814770226,
    0.32798470515750483,
    0.3241918510181028,
    0.32111242380586025,
    0.3195512888180952,
    0.31725449293617647,
    0.31761808001046565,
    0.31374726549142234,
    0.3141809125487603,
    0.3140726910871115,
    0.31181553448230204,
    0.3111089909913966,
    0.3106053405256543,
    0.3111499082040927,
    0.3100741442680827,
    0.30859428019883123,
    0.30842542958634306,
    0.30704866565602934,
    0.30694114348772467,
    0.305839357425574,
    0.3051639805476534,
    0.3049353807945031,
    0.3061854050573408,
    0.30281402314107403,
    0.30506414347758226,
    0.3027010490726277,
    0.29981681843579167,
    0.29839438847714417,
    0.296934990523372,
    0.29598951407786905,
    0.29391181545079575,
    0.29500572635171923,
    0.2960996782820679,
    0.2970415003056142,
    0.2941889150510954,
    0.2940332413100306,
    0.29429288193115083,
    0.29453565100526297,
    0.2940092788595699,
    0.292217777130763,
    0.2950759693350797,
    0.2941295891590343,
    0.29426638546357686,
    0.2931431613657587,
    0.2923596296861973,
    0.29383107417488147,
    0.29505435471772445,
    0.29529041482212504,
    0.2940348844338494,
    0.29301338366915297,
    0.2944868918149668,
    0.29209778056807506,
    0.29242874459456836,
    0.29149580085997734,
    0.292917624064712,
    0.29213101163594335,
    0.2912723162670735,
    0.2905978291846212,
    0.2893260599485432,
    0.2909001655554607,
    0.29277501846636206,
    0.2914864596030684,
    0.291719711065468,
    0.2915768267290414,
    0.28932373709464354,
    0.29067460351672997,
    0.2914948401742108,
    0.2896847820279055,
    0.2919857242823467,
    0.29122934908348125,
    0.2901790218468031,
    0.29069092498693344,
    0.29081632715077205,
    0.2917628473655297,
    0.29189773056883006,
    0.29108799827122267,
    0.29252554793166974,
    0.29181782060352196,
    0.29320457111495185,
    0.29058395612304244,
    0.29099266201052776,
    0.2928731875871043,
    0.29155018777094327,
    0.29000471246178117,
    0.28996293605369294,
    0.2907319222092043,
    0.29127442639152756,
    0.2922396866242403,
    0.2909883137550827,
    0.29184193575429074,
    0.291385613411138,
    0.29326642672796616,
    0.29221152553009144,
    0.29070348065705104,
    0.2910669082171908,
    0.2908325290018308
  ],
  "accuracies": [
    81.57611866957403,
    83.43724087098062,
    84.20810171677773,
    84.58892540155401,
    84.60428119529499,
    84.8837566413808,
    84.8837566413808,
    85.13252049998465,
    85.28914959614262,
    85.44270753355241,
    85.42120942231504,
    85.36592856484752,
    85.56862504222843,
    85.56248272473204,
    85.58090967722121,
    85.5962654709622,
    85.71604066214182,
    85.70682718589724,
    85.64847516968152,
    85.76825036086116,
    85.6699732809189,
    85.91566598077455,
    85.99244494947943,
    85.86959859955161,
    85.86959859955161,
    86.00780074322041,
    85.95251988575289,
    86.05693928319155,
    85.81124658333589,
    86.06308160068794,
    86.07843739442892,
    86.2258530143423,
    86.28420503055803,
    86.43162065047142,
    86.37941095175209,
    86.49918614293173,
    86.33027241178097,
    86.37019747550751,
    86.42547833297503,
    86.48997266668714,
    86.51147077792452,
    86.3026319830472,
    86.34869936427013,
    86.24735112557968,
    86.35791284051473,
    86.41933601547863,
    86.40090906298947,
    86.33334357052917,
    86.31491661803999,
    86.33641472927735,
    86.25042228432788,
    86.29034734805442,
    86.40090906298947,
    86.35484168176653,
    86.40090906298947,
    86.46847455544977,
    86.40090906298947,
    86.46540339670157,
    86.42547833297503,
    86.55446700039926,
    86.40090906298947,
    86.54525352415466,
    86.55446700039926,
    86.5237554129173,
    86.33641472927735,
    86.5206842541691,
    86.44390528546421,
    86.5206842541691,
    86.5268265716655,
    86.67117103283069,
    86.45926107920518,
    86.41319369798225,
    86.48075919044255,
    86.33948588802555,
    86.42547833297503,
    86.5851785878812,
    86.49304382543534,
    86.49918614293173,
    86.42547833297503,
    86.54218236540646,
    86.24735112557968,
    86.57903627038482,
    86.35484168176653,
    86.34562820552195,
    86.5176130954209,
    86.38862442799669,
    86.44083412671601,
    86.5176130954209,
    86.56675163539204,
    86.60360554037038,
    86.36098399926293,
    86.33027241178097,
    86.60974785786678,
    86.61281901661496,
    86.43469180921961,
    86.35791284051473,
    86.38555326924849,
    86.48690150793894,
    86.61896133411136,
    86.50532846042812
  ]
}