{
  "losses": [
    0.38531797807458174,
    0.34804830987869556,
    0.3413082959659121,
    0.3342298160913356,
    0.3311866852889209,
    0.33171129276006367,
    0.32489025122004983,
    0.322780375240918,
    0.3226195512827086,
    0.3203940065418825,
    0.3187067662417111,
    0.3158734263842897,
    0.3150119148979455,
    0.31482451477105783,
    0.31407906830221144,
    0.3128625859348561,
    0.31326741398636293,
    0.3095978868521802,
    0.31140714823273025,
    0.31034964689968103,
    0.30889192083803796,
    0.308102474759969,
    0.3092868596150978,
    0.3084850231019281,
    0.30661169181735726,
    0.3078417926727829,
    0.30609843370279555,
    0.3054902452448665,
    0.30529348117298444,
    0.3051745595565531,
    0.2991402751524207,
    0.30018268544282933,
    0.29867248234891125,
    0.2982702944558506,
    0.298737440822476,
    0.2970365606913476,
    0.29853066920098237,
    0.2958744192494074,
    0.29821818498306074,
    0.29690720254523584,
    0.2986829106358731,
    0.2957321648656903,
    0.29732495309446855,
    0.2960548972114995,
    0.29595109700050615,
    0.295198511463051,
    0.2959714408220355,
    0.29575084445020977,
    0.2954554941314632,
    0.29691037551360716,
    0.29569192024446656,
    0.2952083245801591,
    0.2949188489657467,
    0.29447068605075033,
    0.29533304123874893,
    0.29391914039640993,
    0.29200871202836903,
    0.2947514928361717,
    0.2943009265372483,
    0.29628667579132434,
    0.2938216205092227,
    0.29250585422323366,
    0.29328961557556416,
    0.29262414498398515,
    0.2914925517744143,
    0.29397836911194064,
    0.29295556241255943,
    0.29488427117990035,
    0.2935857727540771,
    0.2925474260716046,
    0.29261612346621907,
    0.29228199596181437,
    0.29314826461771426,
    0.2927535649766415,
    0.2924972881479871,
    0.2936446305173809,
    0.29442097550050667,
    0.2944956209992573,
    0.29331031476811636,
    0.2949693041144606,
    0.2934380590826004,
    0.29287851186340286,
    0.29427745608741807,
    0.2924722416649611,
    0.29356509722851465,
    0.29362635143332877,
    0.29461416750847397,
    0.2933165918860058,
    0.29283539396351055,
    0.29490404440054563,
    0.2964443967134926,
    0.2936376361559363,
    0.29489568316021797,
    0.29135955786453926,
    0.2939233916214739,
    0.29402699730281484,
    0.2925825857126725,
    0.2935345959863668,
    0.29319539407610057,
    0.2930290989630081
  ],
  "accuracies": [
    81.83957085045644,
    83.5304451485397,
    83.8033692003639,
    84.21432380713367,
    84.40882140728425,
    84.57194842676537,
    85.05505536907488,
    84.98604009160209,
    85.17112651755184,
    85.0142736142046,
    85.12720770461462,
    85.2871976660288,
    85.32170530476519,
    85.45032468550993,
    85.43777645324215,
    85.41267998870659,
    85.47228409197854,
    85.70128933086552,
    85.54129936945132,
    85.65737051792829,
    85.60717758885717,
    85.79540107287386,
    85.7985381309408,
    85.81736047934247,
    85.82363459547636,
    85.71070050506634,
    86.04009160209556,
    85.7357969696019,
    85.87069046648054,
    85.84245694387803,
    85.98676161495749,
    86.18125921510807,
    86.18125921510807,
    86.13106628603695,
    86.08714747309973,
    86.21576685384447,
    86.08087335696584,
    86.20321862157668,
    86.23458920224613,
    86.14675157637168,
    86.21576685384447,
    86.20008156350974,
    86.36948269912476,
    86.10596982150139,
    86.3726197571917,
    86.24713743451392,
    86.13106628603695,
    86.11224393763528,
    86.29105624745114,
    86.15616275057252,
    86.34752329265615,
    86.413401512062,
    86.1687109828403,
    86.40399033786116,
    86.12165511183612,
    86.46986855726699,
    86.2816450732503,
    86.1969445054428,
    86.37575681525865,
    86.18439627317501,
    86.15302569250557,
    86.42908680239671,
    86.35693446685698,
    86.38516798945949,
    86.4008532797942,
    86.46673149920005,
    86.29105624745114,
    86.21262979577752,
    86.30360447971891,
    86.36320858299086,
    86.30674153778587,
    86.48241678953478,
    86.15929980863946,
    86.29105624745114,
    86.3726197571917,
    86.17498509897418,
    86.36634564105782,
    86.1906703893089,
    86.26595978291559,
    86.35693446685698,
    86.413401512062,
    86.30987859585281,
    86.19380744737585,
    86.18125921510807,
    86.26282272484863,
    86.46986855726699,
    86.26595978291559,
    86.33183800232142,
    86.37575681525865,
    86.12792922797001,
    86.18125921510807,
    86.07459924083194,
    86.23772626031308,
    86.36320858299086,
    86.30987859585281,
    86.41967562819588,
    86.34752329265615,
    86.34124917652225,
    86.44790915079838,
    86.24713743451392
  ]
}