{
  "losses": [
    0.38468225911836273,
    0.34771585309699693,
    0.339969317533091,
    0.3362557044946977,
    0.33234579067548276,
    0.3274535520529553,
    0.32585648122545174,
    0.3239277056029518,
    0.3222080891887428,
    0.3197957187314383,
    0.3204333577949986,
    0.3195384004648373,
    0.31757373582806947,
    0.31637096562842004,
    0.3141994423587672,
    0.3138225768785734,
    0.31369068571451725,
    0.3131051878093945,
    0.3115764257333065,
    0.3091766340032129,
    0.31079692856357444,
    0.30914888665262164,
    0.30803777983833236,
    0.30679684098954113,
    0.30825341898045083,
    0.30586632800927716,
    0.30684352745045956,
    0.30695851337612284,
    0.30671734585902843,
    0.30565750869009983,
    0.30061910715705265,
    0.3012352485945657,
    0.29746697062357136,
    0.2987106090028393,
    0.29812271393790024,
    0.29982021285596544,
    0.29971951615755765,
    0.2977093863329431,
    0.2973159521196015,
    0.2987893857896449,
    0.2951303081408659,
    0.2948093831068751,
    0.29656406625528686,
    0.29696450035738364,
    0.2975525571120611,
    0.2995165660218649,
    0.2964738377212507,
    0.2973708142877353,
    0.2948710236645279,
    0.2959845810142287,
    0.2956863607748463,
    0.2947510367073498,
    0.2940372500925224,
    0.2948582102667897,
    0.29627937881955063,
    0.29475333034810125,
    0.2939032034800519,
    0.29570478145526286,
    0.29437783110105337,
    0.29440222915770325,
    0.29384037724823187,
    0.2930963397739254,
    0.2928469907530335,
    0.29530380280828766,
    0.29389827341114433,
    0.29464213650999876,
    0.29303257295562146,
    0.2927841509478034,
    0.2933944446127672,
    0.2927699122130264,
    0.2934599727574288,
    0.29555380114500246,
    0.29421230719677055,
    0.29397307217970886,
    0.292407762873804,
    0.29339972810626275,
    0.29557222336561034,
    0.29316425441845856,
    0.29320895366082367,
    0.29413704940567437,
    0.29541689348682126,
    0.2914271409378639,
    0.29272284719129443,
    0.29362178091604696,
    0.29272577206010486,
    0.2938324806646514,
    0.29255906935561216,
    0.2931679328732845,
    0.2920103335256125,
    0.2930506826084403,
    0.29230092443116085,
    0.2938593469347706,
    0.29388570852289375,
    0.29262811253549126,
    0.2937457548443023,
    0.2910576335509173,
    0.29339388264779404,
    0.29303340013698503,
    0.2946719835131086,
    0.2936400295730278
  ],
  "accuracies": [
    81.84971834123675,
    83.3614461665765,
    83.80064288214888,
    84.30667388052576,
    84.29394354094396,
    84.65994080392095,
    84.84771331275262,
    84.87953916170714,
    85.00684255752522,
    85.15324146271603,
    85.02593806689794,
    85.14687629292511,
    85.35692689602494,
    85.36329206581586,
    85.49059546163394,
    85.6720028006747,
    85.60198593297476,
    85.41421342414309,
    85.70064606473377,
    85.68473314025651,
    85.7324719136883,
    85.72292415900195,
    85.78975844180644,
    85.78657585691099,
    85.90114891314725,
    85.8184017058655,
    85.7197415741065,
    85.82158429076095,
    85.89796632825181,
    85.7197415741065,
    86.06027815791987,
    86.0380000636517,
    86.27987651570605,
    86.09528659176983,
    86.01572196938353,
    85.92342700741543,
    86.01253938448808,
    86.1239298558289,
    86.24805066675154,
    86.15575570478343,
    86.38171923236052,
    86.34671079851056,
    86.349893383406,
    86.22258998758792,
    86.16848604436524,
    86.00935679959262,
    86.22258998758792,
    86.18439896884249,
    86.02526972406989,
    86.2830591006015,
    86.22895515737882,
    86.4421883453741,
    86.20667706311066,
    86.54721364692404,
    86.24486808185608,
    86.3626237229878,
    86.31170236466058,
    86.3435282136151,
    86.39444957194233,
    86.30851977976512,
    86.29897202507877,
    86.28624168549696,
    86.36898889277872,
    86.21304223290156,
    86.18758155373794,
    86.30533719486968,
    86.22895515737882,
    86.23850291206517,
    86.43264059068775,
    86.19394672352885,
    86.18121638394705,
    86.26078100633335,
    86.21304223290156,
    86.251233251647,
    86.28624168549696,
    86.2830591006015,
    86.24168549696063,
    86.3626237229878,
    86.41991025110595,
    86.29260685528787,
    86.12074727093345,
    86.49629228859679,
    86.45173610006047,
    86.29578944018331,
    86.59813500525127,
    86.23213774227428,
    86.43264059068775,
    86.39126698704688,
    86.41672766621049,
    86.5631265714013,
    86.44855351516502,
    86.4103624964196,
    86.43900576047866,
    86.21940740269247,
    86.27669393081061,
    86.52493555265586,
    86.3626237229878,
    86.39444957194233,
    86.27669393081061,
    86.55357881671493
  ]
}