{
  "losses": [
    0.39120386794401085,
    0.3494578526824212,
    0.339724237454869,
    0.3347340278939135,
    0.32817454669996726,
    0.3261775920788447,
    0.3219411763575381,
    0.32089742672520033,
    0.3198355800821331,
    0.3183831583292147,
    0.31615643792819786,
    0.3168639742449648,
    0.31207493082440574,
    0.3128610402124572,
    0.31248804265826674,
    0.3093652241853177,
    0.31025276829799014,
    0.31062065450332754,
    0.3088272103466808,
    0.30933693542147955,
    0.306549394645099,
    0.3065645739097152,
    0.30566653102990077,
    0.30558903782115376,
    0.30802107196297535,
    0.30609452654446384,
    0.3038363666388802,
    0.3024193587630958,
    0.3059269013482079,
    0.30320457779571164,
    0.2995383325230946,
    0.29713581776583586,
    0.29618865939116973,
    0.2964292237006356,
    0.2957288956989992,
    0.2961388852605716,
    0.2952430532576422,
    0.2976872036132214,
    0.295889762393268,
    0.2938643217926917,
    0.295112718762618,
    0.2955443151332033,
    0.2961503885664289,
    0.29390969979332654,
    0.2943458947049994,
    0.29554800283897054,
    0.2950301615246797,
    0.2945658266839123,
    0.2932794781808919,
    0.2947239447698277,
    0.2931245893800058,
    0.29570383699398956,
    0.2929122463517208,
    0.2934387019152811,
    0.2939093349285932,
    0.2928025146133822,
    0.2938081325795483,
    0.2938761244998723,
    0.29129093878052237,
    0.2923856446359207,
    0.29191076961870127,
    0.29161140126656115,
    0.29047678334363963,
    0.2927324654116239,
    0.2926369330281084,
    0.29106495922945375,
    0.29206168777599534,
    0.2925249251337127,
    0.2902795187207759,
    0.2908557326589093,
    0.2907300272442467,
    0.2922588140656757,
    0.2920402621096838,
    0.29249736535501997,
    0.2924304677341152,
    0.29042761668223893,
    0.29270957369066253,
    0.2922271037166597,
    0.2913457794385777,
    0.29265891657414467,
    0.2921669030696537,
    0.2933586538132763,
    0.2926453268551567,
    0.29048988651981694,
    0.28918219225077674,
    0.29211841363728813,
    0.29239044171176726,
    0.29200699991748313,
    0.2926628476286972,
    0.2915757553749575,
    0.2901488771896098,
    0.2906609435301388,
    0.29252624513192654,
    0.29063187644961563,
    0.29188137357772637,
    0.29138047102945613,
    0.2926857524673969,
    0.2895998040510804,
    0.2916149647665071,
    0.292291811780689
  ],
  "accuracies": [
    81.39671543005598,
    83.62354251074753,
    83.99468035752946,
    84.44313858905763,
    84.86066866668729,
    84.89468963597562,
    85.12974360560418,
    85.25654903658801,
    85.14211486716358,
    85.47304611387746,
    85.2874771904865,
    85.42665388302972,
    85.47923174465716,
    85.58129465252219,
    85.55964494479325,
    85.544180867844,
    85.67407911421768,
    85.63696532953948,
    85.77923483747256,
    85.81325580676089,
    85.87820492994773,
    85.7513994989639,
    86.03593851483005,
    85.8379983298797,
    85.85964803760864,
    86.04212414560975,
    85.92459716079547,
    86.19676491510222,
    85.71428571428571,
    86.11325889957628,
    85.98336065320261,
    86.23078588439056,
    86.29573500757739,
    86.07923793028795,
    86.0699594841184,
    86.0699594841184,
    86.22150743822101,
    86.2648068536789,
    86.43181888473077,
    86.36377694615409,
    86.3019206383571,
    86.25243559211951,
    86.30501345374695,
    86.39161228466273,
    86.40398354622212,
    86.30501345374695,
    86.38851946927288,
    86.32666316147589,
    86.47511830018867,
    86.13181579191539,
    86.36377694615409,
    86.31119908452665,
    86.33594160764544,
    86.46274703862926,
    86.38233383849318,
    86.66687285435933,
    86.22460025361086,
    86.283363746018,
    86.46893266940896,
    86.36686976154394,
    86.46583985401911,
    86.37305539232364,
    86.36996257693379,
    86.60810936195219,
    86.46274703862926,
    86.33594160764544,
    86.44728296168002,
    86.44419014629017,
    86.45346859245971,
    86.49676800791761,
    86.35449849998453,
    86.31738471530635,
    86.42872606934093,
    86.44419014629017,
    86.23697151517025,
    86.5029536386973,
    86.37614820771348,
    86.43181888473077,
    86.49676800791761,
    86.4720254847988,
    86.43800451551047,
    86.41635480778152,
    86.63594470046083,
    86.57408839266384,
    86.5462530541552,
    86.36686976154394,
    86.42872606934093,
    86.47821111557852,
    86.49058237713791,
    86.46274703862926,
    86.45656140784956,
    86.41016917700182,
    86.38851946927288,
    86.5957381003928,
    86.35759131537438,
    86.37614820771348,
    86.283363746018,
    86.52460334642625,
    86.47821111557852,
    86.49058237713791
  ]
}