{
  "losses": [
    0.38656579932904195,
    0.3485401151866482,
    0.3384540265312598,
    0.3342439645575634,
    0.32844221275775515,
    0.3273651798663767,
    0.3226382469205819,
    0.32297563246928873,
    0.3181479726872299,
    0.31650408792121004,
    0.3183979742404637,
    0.31640732021222884,
    0.3135772152256755,
    0.3128387672508278,
    0.31265668960357695,
    0.30985251377192136,
    0.31259622596101816,
    0.3113963367794375,
    0.3089048159116612,
    0.30826643291560746,
    0.3089271528474357,
    0.30737531454483513,
    0.30632308096952426,
    0.30611240165582576,
    0.3054679610962249,
    0.30591338286670344,
    0.3054372442187284,
    0.30441831561694677,
    0.3037764227753304,
    0.3021524547505941,
    0.2979638701293815,
    0.29884131168598976,
    0.29753600363939825,
    0.2959734410896517,
    0.2969404894690265,
    0.2947101344396534,
    0.29729674429374736,
    0.29612004982347806,
    0.29570621101291805,
    0.2943639231439541,
    0.29522518547936133,
    0.29616904729329535,
    0.2954355002122918,
    0.29485283044765176,
    0.2954434886106339,
    0.29412730430455947,
    0.2935196117210716,
    0.29383313756853285,
    0.2946964594332432,
    0.29425091077601045,
    0.29452453364118614,
    0.2944334325012852,
    0.293378410798686,
    0.29270871463716613,
    0.29326838015602474,
    0.29310931534687523,
    0.2926787313564236,
    0.29362460976733673,
    0.29261299218316444,
    0.29280638672074777,
    0.2924373270413145,
    0.292384446999296,
    0.2923278844456073,
    0.2910808167897882,
    0.29305733118228217,
    0.2908537322271081,
    0.2932285034117858,
    0.29214557678180736,
    0.29143833339009395,
    0.29016255584411865,
    0.28980616446445406,
    0.2910515520728993,
    0.29079903000581475,
    0.2936418371490973,
    0.291638601871394,
    0.29165329317212807,
    0.2918410024263536,
    0.2906674320474706,
    0.29262997100243165,
    0.2927530666992566,
    0.2918642705090505,
    0.28939972683963,
    0.29210875394126523,
    0.2906930176047187,
    0.29091105160023467,
    0.29162207582493427,
    0.2912537690200834,
    0.2904247205433653,
    0.2913780043703048,
    0.2920638688625896,
    0.29152924497200133,
    0.28961062866806514,
    0.29116006236530706,
    0.2921272165751293,
    0.28979787911875776,
    0.29100567666714927,
    0.29183920174251604,
    0.29300997324273254,
    0.2920322863637581,
    0.2919525610381822
  ],
  "accuracies": [
    81.50241085961733,
    83.5938699671386,
    84.28180952673443,
    84.36165965418752,
    84.76705260894936,
    84.82540462516508,
    84.95439329258929,
    85.14173397622923,
    85.24615337366788,
    85.35364392985474,
    85.45806332729339,
    85.55326924848745,
    85.57169620097663,
    85.63926169343694,
    85.50413070851633,
    85.67611559841528,
    85.61469242345137,
    85.61469242345137,
    85.90952366327815,
    85.89723902828537,
    85.62083474094776,
    85.98016031448665,
    85.88495439329259,
    85.81738890083228,
    86.03851233070237,
    85.93409293326373,
    85.92795061576733,
    85.81124658333589,
    85.90645250452997,
    86.1644298393784,
    86.11222014065908,
    86.13064709314824,
    86.21663953809772,
    86.43776296796781,
    86.27806271306164,
    86.3026319830472,
    86.27192039556525,
    86.28727618930623,
    86.18899910936396,
    86.29034734805442,
    86.50532846042812,
    86.48690150793894,
    86.34869936427013,
    86.44390528546421,
    86.40705138048585,
    86.46847455544977,
    86.2258530143423,
    86.33334357052917,
    86.31798777678819,
    86.3763397930039,
    86.39476674549307,
    86.38248211050029,
    86.38248211050029,
    86.49611498418354,
    86.53296888916188,
    86.43469180921961,
    86.48690150793894,
    86.35791284051473,
    86.45618992045699,
    86.44083412671601,
    86.36098399926293,
    86.4469764442124,
    86.51147077792452,
    86.49304382543534,
    86.50225730167992,
    86.54832468290286,
    86.47768803169436,
    86.38555326924849,
    86.63738828660054,
    86.59746322287398,
    86.70188262031265,
    86.47154571419797,
    86.61896133411136,
    86.38555326924849,
    86.62817481035594,
    86.40705138048585,
    86.43776296796781,
    86.54832468290286,
    86.34255704677375,
    86.33948588802555,
    86.3763397930039,
    86.64353060409692,
    86.45618992045699,
    86.48075919044255,
    86.59746322287398,
    86.40705138048585,
    86.49304382543534,
    86.52989773041368,
    86.39169558674487,
    86.5237554129173,
    86.54832468290286,
    86.49611498418354,
    86.54218236540646,
    86.31798777678819,
    86.64353060409692,
    86.5145419366727,
    86.37019747550751,
    86.46540339670157,
    86.48997266668714,
    86.53911120665828
  ]
}