{
  "losses": [
    0.3816467602618317,
    0.3497122709725367,
    0.34240059077388413,
    0.34156297131172564,
    0.337347694136539,
    0.33708995087383303,
    0.33281829051512396,
    0.3318801818814399,
    0.32770826307460227,
    0.32746529331785756,
    0.3291501753427425,
    0.32638986351623517,
    0.3243174771531275,
    0.32314156399845845,
    0.3240521457521995,
    0.32422162112295044,
    0.3229172593513266,
    0.3226133287831233,
    0.3217868840647587,
    0.32068500643658265,
    0.32106671742875353,
    0.3177920881446546,
    0.319020644679285,
    0.31820569338170857,
    0.31842916179997277,
    0.31611993129425525,
    0.3170418240612991,
    0.3177697711454042,
    0.316982575770914,
    0.3137921754395212,
    0.3095541861427908,
    0.3105609779829829,
    0.3122549478498915,
    0.3085187245123747,
    0.3099092253957727,
    0.30965239864962507,
    0.3098473672577581,
    0.30625939031071187,
    0.30790629415006204,
    0.30784901435723006,
    0.3058887268096384,
    0.30540207114751305,
    0.3076869054077182,
    0.30653445075736296,
    0.3067706424764894,
    0.3063054369188011,
    0.3068056996465315,
    0.3069307804693173,
    0.306945976748155,
    0.3052985782063546,
    0.3058501208870725,
    0.3026149339812912,
    0.30602844283423863,
    0.3056420072883895,
    0.3054326622507193,
    0.30331497681135045,
    0.30501153494262506,
    0.30418843582038324,
    0.30606353552993715,
    0.30377082619633095,
    0.3022784975911756,
    0.3021191984473605,
    0.3023199326192232,
    0.30672095230760416,
    0.30361405506817907,
    0.30501651600705854,
    0.30424070149689386,
    0.3021460526525857,
    0.3040396454643407,
    0.3052626339488156,
    0.30365409057272674,
    0.3028562153691393,
    0.3034231033476256,
    0.30456338404935795,
    0.3057662501477422,
    0.3032901522745552,
    0.30518442482370994,
    0.3021546373901292,
    0.30147163734601146,
    0.304702403876484,
    0.3017056247398755,
    0.3031823536736089,
    0.30358411791809414,
    0.30338415616943937,
    0.3044327674085944,
    0.30436844977391025,
    0.30299641856510184,
    0.30440570307943116,
    0.30279539150784196,
    0.30301623496506913,
    0.3040112348050172,
    0.30411631794013305,
    0.3049468761767409,
    0.30351643822721275,
    0.3035274560623647,
    0.3022177103679986,
    0.3018461043245666,
    0.3034681015609524,
    0.30268756227022536,
    0.3057555165105227
  ],
  "accuracies": [
    81.97536930683947,
    83.63379503086514,
    83.96240901692208,
    84.05761493811615,
    84.23267098676331,
    84.26645373299345,
    84.51214643284911,
    84.48143484536716,
    84.8069776726759,
    84.86532968889162,
    84.77319492644575,
    84.72712754522281,
    84.86225853014342,
    85.11409354749547,
    84.88682780012898,
    85.0188876263014,
    85.2338687386751,
    85.04959921378337,
    85.00967415005681,
    85.12944934123645,
    85.22772642117872,
    85.28914959614262,
    85.22158410368232,
    85.32907465986916,
    85.14480513497743,
    85.43349405730783,
    85.55019808973925,
    85.29836307238722,
    85.39971131107767,
    85.3782131998403,
    85.61469242345137,
    85.71296950339364,
    85.56862504222843,
    85.71911182089002,
    85.71604066214182,
    85.69147139215626,
    85.58090967722121,
    85.8726697582998,
    85.6607598046743,
    85.63926169343694,
    85.82046005958048,
    85.78667731335032,
    85.75903688461656,
    85.82353121832868,
    85.78360615460213,
    85.77746383710574,
    85.7313964558828,
    85.82353121832868,
    85.8726697582998,
    85.89416786953717,
    85.78053499585394,
    85.84502932956605,
    85.86959859955161,
    85.84810048831424,
    85.82967353582507,
    85.92180829827093,
    85.76210804336476,
    85.89109671078899,
    85.75903688461656,
    85.85424280581063,
    85.88802555204079,
    86.06615275943614,
    85.90031018703357,
    85.77132151960934,
    85.82046005958048,
    85.82353121832868,
    85.75903688461656,
    85.83581585332146,
    85.90031018703357,
    85.81431774208409,
    85.88495439329259,
    86.05693928319155,
    85.89109671078899,
    85.85424280581063,
    85.88495439329259,
    86.0262276957096,
    85.90645250452997,
    85.91873713952275,
    85.90952366327815,
    85.94637756825651,
    86.03237001320598,
    86.00165842572403,
    85.94330640950831,
    85.95866220324929,
    85.89416786953717,
    85.88188323454439,
    85.91566598077455,
    85.82353121832868,
    85.94023525076011,
    85.99551610822763,
    85.79589078959492,
    85.82353121832868,
    85.84502932956605,
    85.97708915573845,
    86.01394306071681,
    86.05386812444335,
    85.95251988575289,
    85.94637756825651,
    85.90338134578177,
    85.7313964558828
  ]
}