{
  "losses": [
    0.39327989492294596,
    0.34932349133350993,
    0.3443728315631158,
    0.34099963197598054,
    0.3382323426148746,
    0.33868669337924195,
    0.3348868165040766,
    0.3309326500637358,
    0.3287791283636524,
    0.3310745775494688,
    0.328340637250593,
    0.3281346305999868,
    0.32738970198132433,
    0.32759900966362776,
    0.32649345489581116,
    0.32281992984075675,
    0.3242023478688449,
    0.3225315366752724,
    0.322832369016875,
    0.32124585454848054,
    0.31969735147852324,
    0.32002646159124515,
    0.32085984836246506,
    0.3185925575408697,
    0.31748888965088634,
    0.31609950373443263,
    0.31585880771484265,
    0.31581037163675885,
    0.31553109374431587,
    0.31617197255313045,
    0.30968384078039635,
    0.30874179957950515,
    0.30906560280760986,
    0.3076352806128781,
    0.3100729674276528,
    0.3078718234973361,
    0.31044591565878077,
    0.3061484647347557,
    0.306256644903501,
    0.30713215215618345,
    0.30962082884898356,
    0.30566983748307863,
    0.30454664691287314,
    0.30631430106775465,
    0.30514341800643796,
    0.3066749668411164,
    0.3065922861161307,
    0.3060686361256892,
    0.30497510082770896,
    0.30466289846098493,
    0.3051802678827804,
    0.30671032645496266,
    0.3036122505346309,
    0.3038238155598842,
    0.30448718306796957,
    0.30549409694252405,
    0.3057679147304041,
    0.3039433273517898,
    0.30506143986095613,
    0.30355735856505417,
    0.30520915279571104,
    0.30413494971242305,
    0.30410681521494404,
    0.30384642807199586,
    0.30428699364479495,
    0.3037931702021063,
    0.30312859754431226,
    0.30226041808402376,
    0.3034748646461776,
    0.30240626620725236,
    0.30336491890207723,
    0.3025564414417931,
    0.303431324938894,
    0.30362082725804307,
    0.3028107438097417,
    0.30283844869122756,
    0.30247241376454564,
    0.3052721989646642,
    0.3029379782601752,
    0.30306055290672074,
    0.302168260579142,
    0.30399554354561337,
    0.30284603583408715,
    0.3042507344428706,
    0.3020954759597544,
    0.30295483369841325,
    0.3018920921916343,
    0.301314952565551,
    0.30312771686080164,
    0.30365748750320354,
    0.30395529083980793,
    0.3044546585976492,
    0.3029153237745078,
    0.30363306976957266,
    0.3040393437304642,
    0.3038273502309571,
    0.3053429449573598,
    0.30230144946332765,
    0.301315903766099,
    0.3022175874187811
  ],
  "accuracies": [
    81.0202389361506,
    83.62458155462056,
    83.80270876201591,
    84.05761493811615,
    84.14667854181383,
    84.02997450938238,
    84.5182887503455,
    84.3800866066767,
    84.78547956143854,
    84.61963698903597,
    84.69641595774085,
    84.71177175148183,
    84.91446822886275,
    84.9421086575965,
    84.79162187893492,
    85.0925954362581,
    84.79776419643132,
    85.10795122999907,
    85.10488007125089,
    85.22158410368232,
    85.18165903995578,
    85.24922453241608,
    85.25843800866066,
    85.39664015232947,
    85.33214581861736,
    85.40278246982587,
    85.3812843585885,
    85.41813826356685,
    85.169374404963,
    85.25229569116428,
    85.64233285218513,
    85.62697705844415,
    85.50105954976813,
    85.69761370965266,
    85.65461748717792,
    85.74982340837198,
    85.51641534350911,
    85.7375387733792,
    85.88188323454439,
    85.60547894720678,
    85.68225791591168,
    85.48877491477535,
    85.85424280581063,
    85.64847516968152,
    85.7375387733792,
    85.89109671078899,
    85.63619053468874,
    85.82660237707687,
    85.88188323454439,
    85.8051042658395,
    85.98630263198305,
    85.82967353582507,
    85.83274469457326,
    85.78053499585394,
    85.88495439329259,
    85.85424280581063,
    85.75903688461656,
    85.92487945701913,
    85.78667731335032,
    85.85731396455883,
    85.77132151960934,
    85.93102177451553,
    85.88188323454439,
    85.76210804336476,
    85.85424280581063,
    85.97401799699027,
    85.86345628205522,
    85.8726697582998,
    85.84502932956605,
    86.05079696569516,
    85.88495439329259,
    85.82967353582507,
    85.94330640950831,
    85.9494487270047,
    85.93102177451553,
    86.01087190196861,
    85.84195817081785,
    85.84195817081785,
    85.98937379073125,
    86.00472958447222,
    85.95559104450109,
    85.90952366327815,
    85.93716409201191,
    85.88188323454439,
    85.96787567949387,
    85.89723902828537,
    86.01394306071681,
    86.0262276957096,
    85.9494487270047,
    85.93409293326373,
    86.05386812444335,
    85.77746383710574,
    85.8726697582998,
    85.875740917048,
    85.81431774208409,
    85.93409293326373,
    85.96787567949387,
    85.97708915573845,
    85.94330640950831,
    85.92180829827093
  ]
}