{
  "losses": [
    0.40099470369674733,
    0.35411583592623863,
    0.3478316455302291,
    0.3443786235247835,
    0.34071753463271626,
    0.3397384919487725,
    0.3380323358051994,
    0.3382752519642697,
    0.3331083436099553,
    0.33323073095699013,
    0.3311084995836528,
    0.32925869274880726,
    0.3282603774978261,
    0.3280173382584525,
    0.3258565173165848,
    0.3240564823778367,
    0.3257313035540619,
    0.3232687328350819,
    0.3205624406292302,
    0.3227185200201114,
    0.32125662400227495,
    0.319989690032144,
    0.3201721625976123,
    0.31945438233158413,
    0.3205450989956124,
    0.317819836042231,
    0.31802409805858145,
    0.31752384155091934,
    0.31922183901729173,
    0.3179583895574123,
    0.3125786149394189,
    0.3107038385710243,
    0.3122670297009297,
    0.312182254603538,
    0.30838910612084325,
    0.31121381324386166,
    0.30948519889067266,
    0.3094280550747721,
    0.30761622882624684,
    0.30915578417367895,
    0.30842711478322293,
    0.3090327130322351,
    0.31055687814054184,
    0.3079260655248177,
    0.309038814131092,
    0.3079792106507296,
    0.3071924256405596,
    0.306470144065536,
    0.30638979940321165,
    0.30691657775084497,
    0.3086806378862564,
    0.30775585795267896,
    0.30685273321007295,
    0.30777794991805774,
    0.30712311154412647,
    0.3070242707071118,
    0.3061860826019657,
    0.30621680130840184,
    0.30530094943469843,
    0.3034403670127079,
    0.3045079309340107,
    0.30363601727883816,
    0.30702052512014644,
    0.3064051887381041,
    0.3053365818401397,
    0.30596015467088944,
    0.3042492159719812,
    0.3040914038269068,
    0.3051571228589074,
    0.3042686513084227,
    0.30600548643196596,
    0.30501136453513994,
    0.30335763145383887,
    0.30692065391342044,
    0.3063003505573588,
    0.3053190990938705,
    0.30496426164326723,
    0.3054886064160552,
    0.3054612358749929,
    0.3037473922567358,
    0.304153525833799,
    0.30652647821182233,
    0.3061398576007205,
    0.30578190096492397,
    0.3038420940832484,
    0.30427105724811554,
    0.3045799692526624,
    0.3042237131651809,
    0.303273913090901,
    0.3024761725138638,
    0.30429200321406036,
    0.3051894667783496,
    0.30670944341236994,
    0.30424804824106433,
    0.30494931142930404,
    0.3029078848906601,
    0.30439630644760257,
    0.3051557217163212,
    0.3027158015021828,
    0.3040585795355776
  ],
  "accuracies": [
    80.94550930137717,
    83.51475985820498,
    83.47711516140164,
    83.82532860683251,
    84.04492267151865,
    83.9006180004392,
    84.07315619412115,
    84.17040499419645,
    84.35235436207924,
    84.52489255576121,
    84.60331900743483,
    84.65978605263983,
    84.70997898171095,
    84.81977601405401,
    84.80095366565236,
    84.91075069799543,
    84.87938011732597,
    84.93584716253098,
    85.105248298146,
    85.08642594974432,
    85.19308592402045,
    85.21504533048906,
    85.0425071368071,
    85.20877121435518,
    85.06446654327571,
    85.08328889167738,
    85.26523825956018,
    85.17740063368574,
    85.34052765316686,
    85.28092354989491,
    85.43463939517521,
    85.36248705963547,
    85.50679173071494,
    85.48796938231327,
    85.71070050506634,
    85.54757348558522,
    85.63854816952662,
    85.6793299243969,
    85.69501521473163,
    85.75148225993664,
    85.560121717853,
    85.60090347272327,
    85.63541111145967,
    85.65423345986135,
    85.48169526617937,
    85.61972582112494,
    85.70128933086552,
    85.7075634469994,
    85.76716755027135,
    85.65737051792829,
    85.63854816952662,
    85.71070050506634,
    85.80794930514163,
    85.68246698246385,
    85.7138375631333,
    85.76089343413747,
    85.89892398908304,
    85.82049753740942,
    85.82363459547636,
    85.8048122470747,
    85.78912695673996,
    85.88637575681526,
    85.7138375631333,
    85.83931988581108,
    85.8267716535433,
    85.77344166640525,
    85.84873106001191,
    85.90519810521693,
    85.66678169212912,
    85.74834520186968,
    85.76089343413747,
    85.81736047934247,
    85.80794930514163,
    85.88637575681526,
    85.72638579540107,
    85.71697462120024,
    85.78598989867302,
    85.75775637607052,
    85.7138375631333,
    85.79540107287386,
    85.91147222135082,
    85.75461931800358,
    85.88637575681526,
    85.73893402766885,
    85.67305580826302,
    85.83931988581108,
    85.66678169212912,
    85.76089343413747,
    85.87696458261442,
    85.78285284060608,
    85.71070050506634,
    85.81108636320859,
    85.68874109859773,
    85.77344166640525,
    85.68246698246385,
    85.82990871161026,
    85.72952285346801,
    85.69815227279857,
    85.89578693101609,
    85.84873106001191
  ]
}