{
  "losses": [
    0.3861058140813953,
    0.35219675950954843,
    0.345280999167729,
    0.3418611074946016,
    0.33864951214235284,
    0.3366276710522901,
    0.3357757993759716,
    0.3339590095203143,
    0.3342808027896291,
    0.3308626327861269,
    0.32941936031130303,
    0.32891709530224733,
    0.3252432849660721,
    0.32455341437418006,
    0.3239189585440285,
    0.32273444911000304,
    0.3231422913741972,
    0.322153171015746,
    0.32104460938974544,
    0.3198611528735264,
    0.31870798859562294,
    0.3198514630201992,
    0.31934102449002577,
    0.3159954136782756,
    0.3164675056729429,
    0.31802328632072285,
    0.31435381636491927,
    0.31575629448843845,
    0.3148712456548378,
    0.3149950450436305,
    0.31024451362799804,
    0.3095447879526142,
    0.3087994939407923,
    0.3069958058945205,
    0.30967510792413955,
    0.3083961791631515,
    0.3074084839807395,
    0.3084048906191159,
    0.30601972909479574,
    0.3072840114268666,
    0.3065984491075889,
    0.3065422836595996,
    0.30591351876295153,
    0.3062696041857681,
    0.30466712153496583,
    0.3063526930971792,
    0.30586691783312964,
    0.3076362634308212,
    0.3044606555904644,
    0.30557480611799975,
    0.3069471628030063,
    0.3039790999459026,
    0.3045886760625132,
    0.3046762729557652,
    0.30496029288659865,
    0.3034235829366682,
    0.3043404718557252,
    0.3033870359359415,
    0.305634003535118,
    0.30403729210550984,
    0.30255699411678644,
    0.30406339189187714,
    0.3009948615562939,
    0.30213077795968074,
    0.30474357547015246,
    0.30093909838842503,
    0.3014826775182675,
    0.3031888210630019,
    0.30321503697010765,
    0.3019645560554765,
    0.3019977862158084,
    0.3027940184053597,
    0.3032397431978308,
    0.30183146817130285,
    0.3008615280737577,
    0.3030262129904596,
    0.30477911757931025,
    0.3023091947224379,
    0.3033817310640058,
    0.303394696201346,
    0.30354234290790466,
    0.3019895293696807,
    0.3034195602818416,
    0.3040757687553793,
    0.30301314647984645,
    0.3037961989363074,
    0.3031426959091062,
    0.3030278812837741,
    0.3031717569060433,
    0.3030510611817504,
    0.3019803198519179,
    0.3038629820764299,
    0.3023953035195708,
    0.30072350337486603,
    0.3022155884748475,
    0.30280072702376687,
    0.3021683935771288,
    0.30181036256473287,
    0.30326948321492125,
    0.30287529791619316
  ],
  "accuracies": [
    81.69282270200547,
    83.5232333159301,
    83.77199717453395,
    84.00540523939682,
    84.3125211142164,
    84.42001167040324,
    84.25724025674887,
    84.4445809403888,
    84.47836368661896,
    84.53057338533829,
    84.72405638647462,
    84.96360676883388,
    84.97282024507847,
    84.96360676883388,
    85.03117226129419,
    84.92061054635914,
    85.19701483369676,
    85.1632320874666,
    85.169374404963,
    85.1663032462148,
    85.25536684991248,
    85.25229569116428,
    85.12944934123645,
    85.53791345474647,
    85.32293234237278,
    85.19087251620036,
    85.39664015232947,
    85.43963637480421,
    85.31064770738,
    85.43042289855963,
    85.734467614631,
    85.8081754245877,
    85.70989834464544,
    85.68532907465988,
    85.70682718589724,
    85.63004821719235,
    85.7313964558828,
    85.6607598046743,
    85.76825036086116,
    85.61162126470317,
    85.6607598046743,
    85.78667731335032,
    85.88495439329259,
    85.78974847209852,
    85.84810048831424,
    85.83581585332146,
    85.95559104450109,
    85.70989834464544,
    85.90031018703357,
    85.81738890083228,
    85.8726697582998,
    86.00472958447222,
    85.94637756825651,
    85.86038512330703,
    85.93409293326373,
    85.97401799699027,
    85.8788120757962,
    85.98016031448665,
    85.86959859955161,
    85.88495439329259,
    85.90645250452997,
    85.98630263198305,
    86.0937931881699,
    85.95251988575289,
    85.95866220324929,
    86.00165842572403,
    85.94637756825651,
    85.92795061576733,
    85.96787567949387,
    86.158287521882,
    85.93716409201191,
    85.93716409201191,
    85.86959859955161,
    86.00472958447222,
    86.03851233070237,
    86.02929885445779,
    85.89416786953717,
    86.13678941064464,
    85.8788120757962,
    85.91259482202635,
    85.82967353582507,
    85.89416786953717,
    85.93409293326373,
    85.77746383710574,
    85.83888701206965,
    86.01394306071681,
    85.83888701206965,
    86.01394306071681,
    85.94023525076011,
    85.82046005958048,
    86.06001044193974,
    85.92487945701913,
    86.04772580694696,
    85.94023525076011,
    86.11836245815546,
    85.93716409201191,
    85.98016031448665,
    85.9494487270047,
    85.94023525076011,
    86.06922391818433
  ]
}