{
    "02_without_NaN": {
        "accuracy": 0.7470261697065821,
        "precision": 0.723962572008905,
        "recall": 0.7470261697065821,
        "f1": 0.7003027245967139
    },
    "03_imputed_mean": {
        "accuracy": 0.7469380562164067,
        "precision": 0.7224283247132687,
        "recall": 0.7469380562164067,
        "f1": 0.7046152570136189
    },
    "04_imputed_mode": {
        "accuracy": 0.7434135166093929,
        "precision": 0.7161893372170819,
        "recall": 0.7434135166093929,
        "f1": 0.7043872459196433
    },
    "05_imputed_median": {
        "accuracy": 0.7499339148823685,
        "precision": 0.7279053619752712,
        "recall": 0.7499339148823685,
        "f1": 0.7069152951269068
    },
    "06_no_outliers_0.01": {
        "accuracy": 0.7498447067175437,
        "precision": 0.7267099083780962,
        "recall": 0.7498447067175437,
        "f1": 0.7096499513520639
    },
    "06_no_outliers_0.03": {
        "accuracy": 0.74005400540054,
        "precision": 0.7104362060572558,
        "recall": 0.74005400540054,
        "f1": 0.7041297202133738
    },
    "06_no_outliers_0.05": {
        "accuracy": 0.7539037530819104,
        "precision": 0.7325352911485301,
        "recall": 0.7539037530819104,
        "f1": 0.709196960248493
    },
    "07_normalized": {
        "accuracy": 0.7503744823332452,
        "precision": 0.7294674330503759,
        "recall": 0.7503744823332452,
        "f1": 0.7055235891109359
    },
    "08_transformed": {
        "accuracy": 0.7483478720592123,
        "precision": 0.7252373418972404,
        "recall": 0.7483478720592123,
        "f1": 0.7048414861469364
    }
}