{
    "01_without_NaN": {
        "accuracy": 0.7461450348048286,
        "precision": 0.7254772287908089,
        "recall": 0.7461450348048286,
        "f1": 0.6929174603547772
    },
    "05_no_outliers_0.01": {
        "accuracy": 0.7518857041441122,
        "precision": 0.7313385049540888,
        "recall": 0.7518857041441122,
        "f1": 0.7086335812098298
    },
    "05_no_outliers_0.03": {
        "accuracy": 0.7523852385238524,
        "precision": 0.7303961762246521,
        "recall": 0.7523852385238524,
        "f1": 0.7111270815549914
    },
    "05_no_outliers_0.05": {
        "accuracy": 0.7541777006666058,
        "precision": 0.7325483952483438,
        "recall": 0.7541777006666058,
        "f1": 0.7106162484469322
    },
    "06_normalized": {
        "accuracy": 0.7525773195876289,
        "precision": 0.7326624967775368,
        "recall": 0.7525773195876289,
        "f1": 0.7095901182632994
    },
    "07_transformed": {
        "accuracy": 0.7496695744118425,
        "precision": 0.7288633576524502,
        "recall": 0.7496695744118425,
        "f1": 0.7032848140567511
    },
    "08_normalized_transformed": {
        "accuracy": 0.7530153015301531,
        "precision": 0.7325162161930352,
        "recall": 0.7530153015301531,
        "f1": 0.7095820403006827
    }
}