{
    "01_without_NaN": {
        "accuracy": 0.7509031632742973,
        "precision": 0.7292184012660713,
        "recall": 0.7509031632742973,
        "f1": 0.7089998783665892
    },
    "02_imputed_mean": {
        "accuracy": 0.7506388228037713,
        "precision": 0.7294401692441701,
        "recall": 0.7506388228037713,
        "f1": 0.7069571100666548
    },
    "03_imputed_mode": {
        "accuracy": 0.7481716450788616,
        "precision": 0.7246306574703929,
        "recall": 0.7481716450788616,
        "f1": 0.7056323521625537
    },
    "04_imputed_median": {
        "accuracy": 0.7459688078244779,
        "precision": 0.7211070822584716,
        "recall": 0.7459688078244779,
        "f1": 0.7020873311078614
    },
    "05_no_outliers_0.01": {
        "accuracy": 0.7497559676989972,
        "precision": 0.7278231458591626,
        "recall": 0.7497559676989972,
        "f1": 0.7056243018985102
    },
    "05_no_outliers_0.03": {
        "accuracy": 0.7468046804680468,
        "precision": 0.7216115517337466,
        "recall": 0.7468046804680468,
        "f1": 0.7018067795619648
    },
    "05_no_outliers_0.05": {
        "accuracy": 0.7512555930965209,
        "precision": 0.728245786660189,
        "recall": 0.7512555930965209,
        "f1": 0.7048616327152891
    },
    "06_normalized": {
        "accuracy": 0.7507269362939466,
        "precision": 0.7302363319239082,
        "recall": 0.7507269362939466,
        "f1": 0.7056468383506546
    },
    "07_transformed": {
        "accuracy": 0.7487003260199137,
        "precision": 0.7252916588990123,
        "recall": 0.7487003260199137,
        "f1": 0.7070913729824321
    }
}